"issue_id","repo_name","issue_title","issue_body","labels","language","difficulty","topics","is_open","created_at","comments_count"
"1","flask-blog-starter","Fix typo in README setup section","The setup instructions mention a wrong command for installing dependencies. This confuses new users trying to run the project. Update the command to the correct one.","documentation","Python","beginner","web","True","2024-02-11","2"
"2","pandas-utils","Add missing null check in CSV loader","The CSV loader crashes when encountering empty rows. A simple null check should prevent this issue. Add validation before processing rows.","bug","Python","beginner","database","True","2024-03-05","1"
"3","cli-task-runner","Improve help command output formatting","The help output is hard to read because of poor spacing. Adjust formatting to make it more user friendly. Align command descriptions.","good first issue","Python","beginner","cli","True","2024-04-10","3"
"4","ml-basics","Update outdated sklearn import","The import statement uses a deprecated sklearn module. Update it to the latest recommended version. This will prevent warnings during execution.","easy","Python","beginner","ml","True","2024-05-22","0"
"5","flask-blog-starter","Add error handling for missing config file","The app crashes if config.json is missing. Add a fallback or clear error message. This will improve usability.","help wanted","Python","beginner","web","True","2024-06-18","4"
"6","api-helper","Fix incorrect API endpoint URL","The API endpoint in the code is outdated. Replace it with the correct version. This currently causes failed requests.","bug","Python","beginner","api","True","2024-01-29","2"
"7","testing-tools","Add basic unit test example","There are no sample tests for new contributors. Add a simple test file to demonstrate usage. This helps beginners understand testing setup.","documentation","Python","beginner","testing","True","2024-03-14","1"
"8","automation-scripts","Fix script path issue on Windows","The script fails on Windows due to incorrect path separators. Update code to handle cross platform paths. This will improve compatibility.","bug","Python","beginner","automation","True","2024-04-02","5"
"9","db-manager","Add missing commit after insert","Database inserts are not persisted due to missing commit. Add commit statement after insert operation. This fixes data loss issue.","bug","Python","beginner","database","True","2024-02-20","0"
"10","cli-task-runner","Add example usage in README","README lacks usage examples for commands. Add simple examples to guide new users. This improves onboarding.","documentation","Python","beginner","cli","True","2024-05-11","2"
"11","flask-blog-starter","Fix broken link in footer","The footer contains a broken link to documentation. Update it to the correct URL. This improves navigation.","easy","Python","beginner","web","True","2024-03-07","1"
"12","pandas-utils","Optimize loop using vectorization","A loop can be replaced with pandas vectorized operation. This will improve performance. Update implementation accordingly.","help wanted","Python","beginner","database","True","2024-06-01","3"
"13","api-helper","Handle timeout exception properly","The code does not handle timeout errors. Add try except block for requests timeout. This prevents crashes.","bug","Python","beginner","api","True","2024-02-28","4"
"14","ml-basics","Add comments explaining model training","The training script lacks comments. Add explanations for each step. This helps beginners understand ML flow.","documentation","Python","beginner","ml","True","2024-04-15","0"
"15","testing-tools","Fix assertion error in sample test","The sample test fails due to incorrect expected value. Update expected output. This ensures tests pass correctly.","bug","Python","beginner","testing","True","2024-01-19","6"
"16","automation-scripts","Add logging to backup script","The backup script does not log actions. Add basic logging statements. This helps debugging.","good first issue","Python","beginner","automation","True","2024-05-09","2"
"17","db-manager","Fix typo in SQL query","There is a typo in the SELECT query. Correct the column name. This currently causes query failure.","bug","Python","beginner","database","True","2024-03-01","1"
"18","cli-task-runner","Add default value for argument","The CLI argument crashes when not provided. Add a default value. This improves usability.","easy","Python","beginner","cli","True","2024-02-13","0"
"19","flask-blog-starter","Improve error page design","The error page is plain and unclear. Improve layout and message clarity. This enhances user experience.","help wanted","Python","beginner","web","True","2024-04-28","3"
"20","pandas-utils","Add docstring to utility function","The function lacks proper documentation. Add a clear docstring. This helps maintainability.","documentation","Python","beginner","database","True","2024-06-10","1"
"21","api-helper","Fix JSON parsing issue","The response parsing fails for invalid JSON. Add validation before parsing. This prevents runtime errors.","bug","Python","beginner","api","True","2024-03-22","2"
"22","ml-basics","Add requirements.txt file","The project does not include dependency list. Add requirements.txt with needed libraries. This helps setup.","good first issue","Python","beginner","ml","True","2024-02-05","0"
"23","testing-tools","Update pytest version in config","The pytest version is outdated. Update it to latest stable version. This avoids compatibility issues.","easy","Python","beginner","testing","True","2024-05-17","1"
"24","automation-scripts","Fix cron schedule example","The cron example is incorrect. Update it to valid syntax. This ensures proper scheduling.","bug","Python","beginner","automation","True","2024-04-12","3"
"25","db-manager","Add index to improve query speed","Queries are slow without indexing. Add index to relevant column. This improves performance.","help wanted","Python","beginner","database","True","2024-01-27","4"
"26","cli-task-runner","Fix command not found error","Some commands are not registered properly. Update command registration logic. This resolves missing commands.","bug","Python","beginner","cli","True","2024-03-18","2"
"27","flask-blog-starter","Add favicon to project","The app does not include a favicon. Add a default favicon. This improves appearance.","good first issue","Python","beginner","web","True","2024-02-09","0"
"28","pandas-utils","Handle empty dataframe case","The function fails on empty dataframe. Add condition to handle this case. This avoids crashes.","bug","Python","beginner","database","True","2024-05-25","1"
"29","api-helper","Add retry logic for failed requests","The API calls fail without retry. Implement simple retry mechanism. This improves reliability.","help wanted","Python","beginner","api","True","2024-06-12","5"
"30","ml-basics","Fix incorrect label encoding","Labels are encoded incorrectly in training. Update encoding logic. This improves model accuracy.","bug","Python","beginner","ml","True","2024-01-30","3"
"31","testing-tools","Add coverage report configuration","Test coverage is not measured. Add configuration for coverage tool. This improves testing insights.","documentation","Python","beginner","testing","True","2024-03-27","2"
"32","automation-scripts","Fix file permission issue","Script fails due to permission errors. Update file handling logic. This ensures proper execution.","bug","Python","beginner","automation","True","2024-02-21","1"
"33","db-manager","Add connection timeout setting","Database connection hangs indefinitely. Add timeout setting. This improves stability.","easy","Python","beginner","database","True","2024-04-05","0"
"34","cli-task-runner","Improve error message clarity","Error messages are vague. Update them to be more descriptive. This helps debugging.","help wanted","Python","beginner","cli","True","2024-05-03","4"
"35","flask-blog-starter","Fix template rendering issue","Template fails to render correctly. Debug variable passing. This resolves display issue.","bug","Python","beginner","web","False","2024-01-14","2"
"36","pandas-utils","Add support for Excel files","Currently only CSV is supported. Add Excel file support. This increases usability.","help wanted","Python","beginner","database","False","2024-02-17","3"
"37","api-helper","Fix header authentication bug","Headers are not sent correctly. Fix authentication header logic. This allows API access.","bug","Python","beginner","api","False","2024-03-09","1"
"38","ml-basics","Add example dataset link","No dataset link is provided. Add link in README. This helps users start quickly.","documentation","Python","beginner","ml","False","2024-04-01","0"
"39","testing-tools","Fix import error in tests","Tests fail due to incorrect import path. Update import statements. This ensures tests run.","bug","Python","beginner","testing","False","2024-05-06","2"
"40","automation-scripts","Improve script documentation","Script lacks clear instructions. Add usage guide. This helps new users.","documentation","Python","beginner","automation","False","2024-06-01","1"
"41","db-manager","Fix duplicate entry issue","Duplicate records are inserted. Add unique constraint. This ensures data integrity.","bug","Python","beginner","database","False","2024-02-08","5"
"42","cli-task-runner","Add version flag","CLI lacks version flag. Add version command. This improves usability.","good first issue","Python","beginner","cli","False","2024-03-19","0"
"43","flask-blog-starter","Fix CSS not loading","Static files are not loading. Fix path configuration. This restores styling.","bug","Python","beginner","web","False","2024-04-14","3"
"44","pandas-utils","Add sorting feature","Utility lacks sorting option. Add parameter for sorting. This enhances functionality.","help wanted","Python","beginner","database","False","2024-05-20","2"
"45","api-helper","Fix status code handling","Incorrect status codes are ignored. Add proper checks. This improves error handling.","bug","Python","beginner","api","False","2024-01-25","1"
"46","react-todo-app","Fix typo in README installation steps","The current README says npm isntall instead of npm install. This might confuse new users trying to set up the project. Please update the documentation section.","documentation","JavaScript","beginner","frontend","True","2024-03-12","2"
"47","express-api-boilerplate","Add missing validation for user email","The registration endpoint does not check if the email string contains an @ symbol. We should add a simple regex check in the controller. This is a good entry-level task for backend practice.","bug","TypeScript","beginner","api","True","2024-05-20","4"
"48","ts-cli-tool","Update help command output","The CLI output for the --help flag is missing the new version command. We need to append the version flag description to the console log. It should be a single line change in commands.ts.","enhancement","TypeScript","beginner","cli","True","2024-01-15","1"
"49","js-weather-dashboard","Change unit toggle button color","The toggle button for Celsius and Fahrenheit is currently gray and hard to see. It should be changed to a primary blue color for better visibility. Please update the CSS file in the components folder.","ui","JavaScript","beginner","frontend","True","2024-08-05","0"
"50","node-auth-service","Refactor hardcoded port number","The server port is currently hardcoded as 3000 in index.js. We should update it to use process.env.PORT with a fallback value. This helps with deploying to platforms like Heroku.","enhancement","JavaScript","beginner","backend","False","2024-02-28","7"
"51","discord-bot-ts","Add welcome message for new members","The bot should send a simple greeting when someone joins the server. Use the guildMemberAdd event to trigger a message in the general channel. This is perfect for learning event listeners.","enhancement","TypeScript","beginner","api","True","2025-01-10","3"
"52","vue-shopping-cart","Fix broken image fallback","If a product image fails to load it shows a broken icon. We need to add an onError handler to the img tag to show a placeholder image instead. Look into the ProductCard.vue component.","bug","JavaScript","beginner","frontend;ui","True","2024-11-22","5"
"53","jest-test-suite","Add basic unit test for math utils","We are missing tests for the subtract and multiply functions in utils.js. Create a new test file and add simple assertions using Jest expect. This will help improve our code coverage.","testing","JavaScript","beginner","testing","True","2024-06-14","2"
"54","nextjs-blog-template","Fix broken link in footer","The Twitter icon in the footer points to a 404 page. Please update the href attribute in Footer.tsx to the correct project handle. It is a very quick fix.","bug","TypeScript","beginner","frontend","False","2024-04-03","1"
"55","react-native-login","Center login button on small screens","The login button is shifted to the left on smaller device screens. We need to adjust the flexbox alignment in the styles object to center it properly. Test it on an emulated mobile device.","ui","TypeScript","beginner","mobile;ui","True","2025-05-18","6"
"56","axios-wrapper-lib","Add error logging for 404 responses","When the API returns a 404 the console is currently silent. We should add a console.error statement inside the catch block to help developers debug. Only log the status code and message.","devtools","JavaScript","beginner","api","True","2024-09-09","4"
"57","portfolio-site","Add hover effect to project cards","The project cards look static when the mouse moves over them. Adding a simple CSS scale transition or shadow would make the UI feel more interactive. Edit the styles.css file.","ui","JavaScript","beginner","frontend;ui","True","2024-12-01","0"
"58","typescript-math-lib","Implement IsEven helper function","We need a simple utility function that returns true if a number is even. The function should take a number as input and return a boolean. Make sure to export it from the main index.ts file.","enhancement","TypeScript","beginner","web","True","2024-07-25","2"
"59","express-middleware-log","Include timestamp in log output","The current logger only prints the method and URL. It would be helpful to include the current date and time in ISO format for each request. Modify the logger middleware function.","enhancement","JavaScript","beginner","api","True","2025-02-14","5"
"60","react-modal-lib","Fix z-index of overlay","The modal overlay is currently appearing behind the navigation bar on some pages. Increasing the z-index in the CSS module should resolve this layout issue. Verify the fix on the demo page.","bug","TypeScript","beginner","frontend;ui","True","2024-10-30","3"
"61","recipe-finder-app","Filter out null ingredients","Some API responses return null for ingredient fields which causes the app to crash. Add a simple check to filter these out before mapping over the list. This is located in the RecipeDetail component.","bug","JavaScript","beginner","frontend","False","2024-03-21","8"
"62","cli-task-manager","Add confirmation prompt before delete","The app currently deletes tasks immediately without asking. We should add a simple y/n prompt using the readline module to prevent accidental deletions. Look at the delete command logic.","enhancement","JavaScript","beginner","cli","True","2024-05-12","4"
"63","ts-utils-pack","Update contributing guide","The CONTRIBUTING.md file is outdated and mentions an old build command. Please update it to reflect the move from npm to pnpm. This is important for new contributors.","documentation","TypeScript","beginner","devtools","True","2025-04-05","1"
"64","frontend-mentor-challenge","Fix mobile navigation toggle","The hamburger menu does not close when a link is clicked. We need to add an onClick handler to the menu links that sets the isOpen state to false. This affects the mobile view only.","bug","JavaScript","beginner","frontend;mobile","True","2024-06-28","9"
"65","node-cron-jobs","Fix typo in log message","The success message for the daily backup job says ""Back up completed"" instead of ""Backup completed"". Search for the string in the cron job controller. It is a one-word change.","bug","JavaScript","beginner","api","True","2024-01-22","0"
"66","react-context-demo","Add comments to Context provider","The state management logic in AppContext.js is a bit hard to follow for beginners. Please add inline comments explaining the useReducer setup and the provider value. This will help with onboarding.","documentation","JavaScript","beginner","frontend","True","2024-08-19","2"
"67","typescript-knex-api","Add limit to search results","The search endpoint currently returns all matching records which could be hundreds. We should add a default limit of 20 results per query. Update the query builder logic in the service layer.","enhancement","TypeScript","beginner","api","True","2024-12-15","6"
"68","electron-editor","Add keyboard shortcut for Save","Users have requested a Ctrl+S or Cmd+S shortcut to save files. We need to register this accelerator in the main process menu template. Check the electron documentation for accelerators.","enhancement","JavaScript","beginner","devtools","True","2025-03-10","12"
"69","styled-components-lib","Fix prop warning in console","We are getting a React warning about passing non-standard attributes to the DOM. Use the $ prefix for transient props in the StyledButton component. This is a common pattern in styled-components.","bug","TypeScript","beginner","frontend;ui","False","2024-02-11","4"
"70","graphql-server-ts","Define missing User type field","The User type in the schema is missing the 'bio' field which is already present in the database. Update the .graphql schema file to include this optional string field. Then regenerate the types.","enhancement","TypeScript","beginner","api","True","2024-09-30","3"
"71","js-game-engine","Increase player movement speed","The default movement speed feels a bit sluggish during testing. We should increase the SPEED constant from 5 to 8 in the Player.js file. This will make the gameplay feel more responsive.","enhancement","JavaScript","beginner","frontend","True","2024-07-04","1"
"72","react-hook-form-example","Add required validation to Name field","The name input in the contact form currently allows empty submissions. We need to add the required: true validation rule to the register function call. Also show a small red error message.","bug","JavaScript","beginner","frontend","True","2024-11-08","5"
"73","ts-node-docker","Add healthcheck to Dockerfile","We need a basic healthcheck instruction in our Dockerfile to monitor the container status. It can be a simple curl command to the /ping endpoint. This improves our deployment reliability.","enhancement","TypeScript","beginner","devtools","True","2025-05-02","2"
"74","simple-calc-js","Fix division by zero error","The calculator crashes when a user tries to divide by zero. We should add an if statement to check the divisor and display ""Error"" instead of Infinity. Update the calculate function.","bug","JavaScript","beginner","frontend","False","2024-04-18","10"
"75","pwa-starter-kit","Update manifest background color","The splash screen color in manifest.json does not match our new branding. Please change the background_color hex code to #3f51b5. This ensures a consistent look on mobile devices.","ui","JavaScript","beginner","mobile;ui","True","2024-10-12","0"
"76","typescript-express-starter","Rename variables for clarity","The variables 'a' and 'b' in the middleware are confusing. They should be renamed to 'requestStartTime' and 'requestEndTime' to be more descriptive. This is purely a code cleanup task.","enhancement","TypeScript","beginner","api","True","2024-01-30","3"
"77","unit-converter-ts","Add Miles to Kilometers conversion","We currently only support Celsius and Fahrenheit. Let's expand the utility to include distance conversion between miles and km. Add a new function in converter.ts with the correct formula.","enhancement","TypeScript","beginner","web","True","2024-06-05","4"
"78","react-table-component","Add padding to header cells","The table headers look cramped because the text is touching the borders. Adding 10px of horizontal padding to the th elements in the CSS file will fix this. It will improve overall readability.","ui","JavaScript","beginner","frontend;ui","True","2024-08-22","1"
"79","api-test-helper","Fix typo in error message","The helper throws an error saying ""Unauthorizied"" when a token is missing. It should be spelled ""Unauthorized"". Look for this string in the auth-helper.js file.","bug","JavaScript","beginner","testing","True","2024-02-05","2"
"80","node-socket-chat","Log when a user disconnects","We are logging when users join but not when they leave the chat. Add a console log inside the 'disconnect' socket event listener. This helps monitor active connections.","enhancement","JavaScript","beginner","api","False","2024-12-28","6"
"81","ts-inventory-system","Add unit tests for addProduct","We need to ensure that the addProduct function correctly increments the total count. Create a simple test case using Vitest to verify this behavior. Check the existing tests for examples.","testing","TypeScript","beginner","testing","True","2025-01-15","3"
"84","express-session-auth","Fix broken logout redirect","The logout route currently redirects to /home but it should go to /login. This is causing confusion for users who think they are still logged in. Update the res.redirect call.","bug","JavaScript","beginner","api","True","2024-03-08","4"
"85","ts-weather-icons","Add missing icon for ""Drizzle""","The icon set is missing a visual for the drizzle weather state. We need to import the SVG file and add it to the icon mapping object in WeatherIcon.tsx. The SVG is already in the assets folder.","bug","TypeScript","beginner","frontend;ui","True","2024-11-30","1"
"86","js-fetch-lib","Add timeout parameter to fetch","Our custom fetch wrapper should support a timeout to prevent hanging requests. Use the AbortController API to implement a 10-second default timeout. This is a great introduction to modern JS APIs.","enhancement","JavaScript","beginner","api","True","2025-04-12","9"
"87","react-navbar-component","Make logo clickable","The brand logo in the navbar is currently just text. It should be wrapped in a Link component that points back to the homepage. This improves site navigation for users.","enhancement","JavaScript","beginner","frontend","False","2024-01-10","2"
"88","ts-todo-list","Implement ""Clear Completed"" button","Users want a way to delete all finished tasks at once. Add a button at the bottom of the list that filters the state to remove items where completed is true. Update the UI and the handler.","enhancement","TypeScript","beginner","frontend","True","2024-07-17","7"
"89","node-express-logging","Change log file extension","The logs are currently saved as .txt but should be .log for better compatibility with log viewers. Update the file naming logic in the winston configuration. It is a minor configuration change.","enhancement","JavaScript","beginner","devtools","True","2024-10-05","3"
"90","react-chart-js","Update chart colors to accessible palette","The current green and red colors are not colorblind-friendly. We should switch to a more accessible palette like blue and orange. Update the color constants in the Theme.js file.","ui","JavaScript","beginner","frontend;ui","True","2025-02-20","0"
"91","ts-auth-validator","Add min length check for passwords","The validator allows 1-character passwords which is a security risk. We should enforce a minimum length of 8 characters in the password validation function. Return a descriptive error message if it fails.","enhancement","TypeScript","beginner","api","True","2024-04-25","5"
"92","js-markdown-preview","Fix bold text rendering","The parser currently fails to render bold text if there are no spaces around the double asterisks. We need to adjust the regular expression in the parser.js file to be more flexible.","bug","JavaScript","beginner","web","True","2024-12-08","4"
"93","react-search-bar","Add placeholder text to input","The search bar is currently empty and might be confusing. Please add a default placeholder like ""Search for articles..."" to the input element. This is a very simple JSX change.","enhancement","JavaScript","beginner","frontend","True","2024-06-30","1"
"94","ts-graphql-api","Update README with query examples","New developers are struggling to write their first GraphQL query. We should add a section to the README with a few copy-pasteable examples for fetching users and posts. This will help with onboarding.","documentation","TypeScript","beginner","api","False","2024-02-14","3"
"95","node-file-uploader","Handle large file errors","The server crashes when a file larger than 5MB is uploaded. We need to catch the 'limit exceeded' error from the middleware and return a 413 status code instead of crashing. Test with a large dummy file.","bug","JavaScript","beginner","api","True","2024-08-11","8"
"96","react-dashboard-ts","Fix alignment of sidebar icons","The icons in the sidebar are not perfectly centered relative to the text labels. Adjust the CSS grid or flexbox settings in Sidebar.module.css to fix the vertical alignment. It looks off by a few pixels.","ui","TypeScript","beginner","frontend;ui","True","2025-05-10","2"
"97","js-string-utils","Add capitalizeFirstLetter function","We often need to capitalize just the first letter of a string for UI headings. Add a small utility function to strings.js that does this efficiently. Include a few basic unit tests.","enhancement","JavaScript","beginner","web","True","2024-01-05","4"
"99","express-static-files","Change default public folder","The app currently serves files from /assets but the standard is usually /public. Rename the directory and update the express.static middleware configuration. Check for any broken image links after.","enhancement","JavaScript","beginner","api","True","2024-03-29","3"
"100","react-modal-hooks","Fix memory leak in useEffect","The modal component is not cleaning up its event listener for the 'Escape' key. Add a return function to the useEffect hook to remove the event listener when the component unmounts. This prevents potential leaks.","bug","JavaScript","beginner","frontend","True","2024-11-15","5"
"102","node-api-docs","Fix broken link in Swagger UI","The link to the 'User' model in the documentation is broken. It seems the reference path in the swagger.yaml file is incorrect. Please update it to point to the right definition. This affects the API playground.","bug","JavaScript","beginner","documentation;api","False","2024-05-08","4"
"104","js-array-helpers","Implement shuffleArray function","We need a utility to randomly reorder elements in an array. Use the Fisher-Yates shuffle algorithm for better randomness. Add the function to arrays.js and export it.","enhancement","JavaScript","beginner","web","True","2024-07-12","3"
"105","express-helmet-security","Update CSP headers","The Content Security Policy is currently too restrictive and blocking our CDN images. We need to add 'https://www.google.com/search?q=cdn.example.com' to the img-src directive in the helmet config. This will fix the broken images on production.","bug","JavaScript","beginner","api","True","2024-10-18","6"
"106","ts-task-tracker","Sort tasks by date","The tasks are currently displayed in the order they were added. We should sort them so the most recent tasks appear at the top. Update the sorting logic in the TaskList component.","enhancement","TypeScript","beginner","frontend","True","2025-03-25","2"
"107","react-error-boundary","Custom error message for 404s","The global error boundary shows a generic message for everything. We should check the error status and show a specific ""Page Not Found"" message for 404 errors. This makes the app feel more polished.","enhancement","JavaScript","beginner","frontend","True","2024-02-19","5"
"108","node-json-db","Fix concurrent write bug","Two quick saves can sometimes overwrite each other because the file write isn't awaited properly. Ensure that the writeFileSync or await writeFile is correctly implemented in the save method. This is a critical but small fix.","bug","JavaScript","beginner","api","True","2024-08-28","9"
"109","ts-react-forms","Add email format validation","The email input only checks if the field is empty. Add a simple regex check to ensure the input follows a valid email format. This will reduce invalid data in our database.","enhancement","TypeScript","beginner","frontend","False","2024-04-14","3"
"110","cli-weather-app","Add color to temperature output","The terminal output is currently all white. Use the 'chalk' library to make the temperature red if it's hot and blue if it's cold. This makes the CLI tool much more readable.","ui","JavaScript","beginner","cli;ui","True","2024-11-03","2"
"111","react-calendar-widget","Fix offset on Monday start","The calendar grid is shifted by one day when the week is set to start on Monday. We need to adjust the calculation for the empty padding cells in the first row. Look at the CalendarGrid.tsx file.","bug","TypeScript","beginner","frontend","True","2025-05-28","4"
"112","js-password-validator","Check for at least one number","Passwords should be required to have at least one numeric digit. Update the validation logic to include this check and add a corresponding error message. This is part of our security hardening.","enhancement","JavaScript","beginner","web","True","2024-01-25","1"
"113","express-rate-limiter","Increase limit for login attempts","The current limit of 5 attempts per hour is too low for our testing environment. Increase it to 20 attempts in the development configuration file. This will prevent developers from getting locked out.","enhancement","JavaScript","beginner","api","True","2024-06-18","0"
"114","ts-blog-api","Add category field to Post model","Users want to categorize their blog posts. We need to add a 'category' string field to the Post schema and update the creation endpoint to accept this new property. Don't forget to update the types.","enhancement","TypeScript","beginner","api","True","2024-09-05","7"
"116","node-mailer-service","Add retry logic for failed emails","Sometimes the SMTP server is busy and the email fails on the first try. We should implement a simple retry mechanism that attempts to send the email up to 3 times before giving up. Use a small delay between tries.","enhancement","JavaScript","beginner","api","False","2024-03-05","10"
"117","ts-redux-toolkit","Refactor slices to separate files","Our store.ts file is getting too large because all slices are defined in one place. Move the counter and user slices into their own files within a 'features' folder. This improves project structure.","enhancement","TypeScript","beginner","frontend","True","2025-02-10","2"
"118","js-unit-tests","Add test for division by zero","We have a bug report for division by zero but no regression test. Add a new test case in math.test.js that asserts the function returns null when dividing by zero. This will prevent the bug from returning.","testing","JavaScript","beginner","testing","True","2024-07-30","1"
"119","react-lazy-load","Add placeholder for loading images","The page layout shifts when images finally load. We should use a gray div as a placeholder with the same dimensions as the image to reserve the space. Update the ImageComponent.tsx file.","enhancement","TypeScript","beginner","frontend","True","2024-10-22","4"
"120","express-user-api","Fix 500 error on duplicate email","Trying to register with an existing email throws a server error instead of a 400 Bad Request. Catch the database unique constraint violation and return a clean error message. This is located in the user controller.","bug","JavaScript","beginner","api","True","2024-05-01","6"
"121","ts-node-cli","Update help menu formatting","The help menu is currently misaligned because of tab vs space usage. Reformat the string to use consistent spacing so the commands and descriptions line up perfectly. It should look neat in the terminal.","ui","TypeScript","beginner","cli;ui","True","2025-04-20","0"
"123","js-date-formatter","Support 'DD-MM-YYYY' format","Our formatter currently only supports 'YYYY-MM-DD'. We need to add a new option to support the European date format. Update the switch statement in the format function.","enhancement","JavaScript","beginner","web","True","2024-02-22","3"
"124","ts-api-client","Fix type mismatch in Response","The API client is expecting an array but the server now returns an object with a 'data' property. Update the interface definition to match the new JSON structure. This will fix the build errors.","bug","TypeScript","beginner","api","False","2024-11-05","8"
"127","ts-sorting-visualizer","Fix bug in Bubble Sort logic","The bubble sort animation skips the last element in the array during the first pass. This results in an unsorted list. Check the loop boundaries in the bubbleSort.ts file.","bug","TypeScript","beginner","frontend;devtools","True","2024-09-28","7"
"129","express-health-check","Add database status to health","The /health endpoint only checks if the server is up. It should also attempt a simple DB query to ensure the connection is active. Return a 'db: healthy' status in the JSON response.","enhancement","JavaScript","beginner","api","True","2025-05-15","3"
"130","ts-library-manager","Fix return date calculation","The library system is calculating the due date as 13 days instead of 14. This is likely a 'less than' vs 'less than or equal to' error in the date helper. Please verify and fix the logic.","bug","TypeScript","beginner","web","False","2024-01-18","6"
"131","react-dark-mode","Save theme preference in cookie","We are currently using localStorage for the dark mode setting but it's not available server-side. Switching to a cookie will prevent the ""flash"" of white light on page load. Update the toggle function.","enhancement","JavaScript","beginner","frontend","True","2024-07-22","5"
"132","js-event-emitter","Add once method to emitter","Our custom event emitter is missing a way to trigger a listener only once. Implement the 'once' method which removes the listener immediately after it is called. This is a classic coding challenge.","enhancement","JavaScript","beginner","devtools","True","2024-10-10","2"
"133","ts-express-auth","Add logout route","The authentication system is missing a logout endpoint. It should clear the session cookie and redirect the user to the login page. This is a straightforward task in the auth controller.","enhancement","TypeScript","beginner","api","True","2025-02-05","4"
"134","react-pagination-demo","Fix disabled state for 'Previous' button","The 'Previous' button is still clickable when the user is on the first page. We need to set the disabled attribute to true when the currentPage is 1. This will prevent unnecessary API calls.","bug","JavaScript","beginner","frontend","True","2024-04-10","1"
"135","node-cli-colors","Add support for bold text","Our CLI logger only supports colors but not text styles. Add a flag or a new method to enable bold formatting using ANSI escape codes. This will help highlight important headers in the output.","enhancement","JavaScript","beginner","cli","True","2024-08-25","3"
"136","ts-todo-app","Fix double-click bug on items","Quickly double-clicking a todo item creates two identical edit inputs. We should add a check to see if the item is already in 'edit mode' before triggering the state change. This is in TodoItem.tsx.","bug","TypeScript","beginner","frontend","True","2024-11-12","2"
"137","react-video-player","Add volume slider","The video player only has a mute toggle but no way to adjust the volume. Add a range input that controls the volume property of the video element. Ensure it stays between 0 and 1.","enhancement","JavaScript","beginner","frontend;ui","True","2025-04-30","6"
"138","express-cors-fix","Allow requests from local dev port","The API is blocking requests from localhost:5173 which is the default for Vite. We need to update the CORS origin list to include this address so frontend devs can work locally.","bug","JavaScript","beginner","api","False","2024-02-25","9"
"139","ts-search-filter","Fix case-sensitive search","Searching for 'apple' does not find 'Apple'. We should convert both the search query and the item text to lowercase before comparing them. This will make the search much more user-friendly.","bug","TypeScript","beginner","frontend","True","2024-06-22","4"
"140","js-calculator-cli","Handle non-numeric inputs","The calculator crashes if a user types a letter instead of a number. Add a check using isNaN() to validate inputs and print a friendly ""Please enter a valid number"" message. This is in the input handler.","bug","JavaScript","beginner","cli","True","2024-12-18","1"
"141","react-profile-page","Add default avatar image","Users without an uploaded photo see a broken image icon. We should set a default 'placeholder.png' in the src attribute if the user's avatar URL is null or undefined. Check the ProfileHeader component.","enhancement","JavaScript","beginner","frontend;ui","True","2025-01-20","3"
"142","ts-graphql-client","Fix typing for useQuery hook","The useQuery hook is currently returning 'any' for the data object. We need to pass the correct Generic type to the hook so we get full autocomplete in our components. This will improve developer experience.","bug","TypeScript","beginner","frontend;api","True","2024-03-15","5"
"144","react-tabs-component","Fix active tab border color","The border under the active tab is gray instead of the brand's primary purple. Update the CSS class in the Tabs.css file to use the correct hex code. It's a small visual fix for brand consistency.","ui","JavaScript","beginner","frontend;ui","False","2024-10-25","1"
"146","go-crud-api","Add validation for user input in create handler","Currently the create endpoint accepts empty strings for username and email. We should add basic validation to ensure these fields are not empty and that email contains an @ symbol.","good first issue, beginner friendly","Go","beginner","api","True","2024-01-15","3"
"147","rust-cli-tool","Improve error message when config file is missing","The tool panics if the config file doesn't exist. We should display a user-friendly error message suggesting to run init command first.","help wanted, beginner friendly","Rust","beginner","cli","True","2024-02-10","2"
"148","spring-boot-api","Add pagination to GET /users endpoint","The endpoint returns all users at once which could cause performance issues. Implement pagination with default page size 20.","good first issue, easy","Java","beginner","api","True","2024-01-22","5"
"149","rails-blog-app","Fix broken link in navigation partial","The ""About"" link points to /about but the route is actually /about-us. Update the link in _navigation.html.erb.","bug, good first issue","Ruby","beginner","api","True","2024-03-05","1"
"151","go-gin-boilerplate","Update README with setup instructions","The README is missing steps for setting up the database connection. Add clear instructions for PostgreSQL setup.","documentation","Go","beginner","database","True","2024-01-30","0"
"152","rust-http-server","Handle trailing slashes in routes","Requests to /api/ currently 404 even though /api exists. We should normalize paths by stripping trailing slashes.","good first issue, bug","Rust","beginner","api","True","2024-03-12","4"
"153","maven-starter","Update dependency versions in pom.xml","Several dependencies are outdated. Update to latest stable versions and verify everything still compiles.","easy, help wanted","Java","beginner","devtools","True","2024-02-05","2"
"154","ruby-gem-template","Add CI workflow for Ruby 3.2","The GitHub Actions workflow doesn't test against Ruby 3.2. Add it to the matrix.","good first issue, beginner friendly","Ruby","beginner","automation","True","2024-01-19","6"
"155","cpp-calculator","Handle division by zero gracefully","The calculator crashes when dividing by zero. Add error handling to return appropriate error message.","bug, good first issue","C++","beginner","cli","True","2024-04-01","9"
"156","go-cobra-cli","Add version flag to main command","The CLI doesn't have a --version flag. Implement it to display the current version from VERSION file.","good first issue, easy","Go","beginner","cli","True","2024-03-20","1"
"157","rust-actix-api","Add CORS middleware","The API cannot be called from browsers due to CORS policy. Add the actix-cors middleware with permissive settings for development.","help wanted, beginner friendly","Rust","beginner","api","True","2024-02-28","3"
"158","javalin-app","Create CONTRIBUTING.md file","We need a contributing guide to help new contributors understand our workflow and coding standards.","documentation","Java","beginner","devtools","True","2024-01-12","0"
"159","sinatra-microservice","Log request parameters in development","It's hard to debug without seeing the request params. Add logging of params when in development environment.","good first issue, beginner friendly","Ruby","beginner","api","True","2024-03-25","2"
"160","cpp-game-engine","Fix memory leak in Texture class","The Texture class doesn't delete OpenGL resources in destructor causing memory leak. Add proper cleanup.","bug, help wanted","C++","beginner","devtools","True","2024-02-14","11"
"161","go-db-migrator","Add dry-run flag for migrations","Users want to see what SQL would be executed before running migrations. Add a --dry-run flag.","good first issue, easy","Go","beginner","database","True","2024-04-05","4"
"162","rust-tokio-echo","Update tokio to version 1.x","The project uses old tokio 0.2. Update to latest tokio and fix any breaking changes.","help wanted, beginner friendly","Rust","beginner","api","True","2024-01-28","6"
"163","gradle-plugin","Add example usage in README","The README doesn't show how to apply and configure the plugin. Add a simple example block.","documentation","Java","beginner","devtools","True","2024-03-08","0"
"166","go-http-router","Add method not found handler","Currently returns 404 for all unknown routes. We should return 405 for routes with wrong HTTP methods.","bug, good first issue","Go","beginner","api","True","2024-04-10","1"
"167","rust-clap-app","Add shell completion scripts","The CLI would be more user-friendly with shell completions. Add support for generating completions with clap.","help wanted, beginner friendly","Rust","beginner","cli","True","2024-03-15","5"
"168","quarkus-app","Add health check endpoint","The application lacks a health check for Kubernetes. Implement a simple /q/health endpoint.","good first issue, easy","Java","beginner","api","True","2024-02-01","2"
"169","ruby-thread-pool","Add timeout to task execution","Tasks can run indefinitely. Add a timeout option to prevent hanging threads.","good first issue, beginner friendly","Ruby","beginner","automation","True","2024-01-25","7"
"171","go-viper-config","Support environment variable binding","Currently config values cannot be overridden by env vars. Add viper's automatic env binding.","good first issue, beginner friendly","Go","beginner","devtools","True","2024-02-19","0"
"172","rust-serde-example","Add serialization for custom DateTime","Our custom date type doesn't implement Serialize. Add serde support using timestamp representation.","help wanted, beginner friendly","Rust","beginner","api","True","2024-03-28","4"
"173","micronaut-app","Add request/response logging filter","Debugging is hard without seeing HTTP traffic. Add a filter to log requests and responses.","good first issue, easy","Java","beginner","api","True","2024-01-08","3"
"174","ruby-sidekiq-worker","Add retry limit to email worker","The email worker retries indefinitely on failure. Add a max retry count of 3.","good first issue, beginner friendly","Ruby","beginner","automation","True","2024-04-12","2"
"175","cpp-algorithms","Fix off-by-one in binary search","The binary search implementation returns wrong index for elements at the end of array.","bug, good first issue","C++","beginner","testing","True","2024-02-25","6"
"176","go-echo-middleware","Add request ID middleware","We need to track requests across logs. Add middleware that injects a unique request ID.","good first issue, help wanted","Go","beginner","api","True","2024-03-02","2"
"177","rust-rayon-example","Parallelize image processing loop","The image filter runs sequentially. Use rayon to parallelize the pixel processing.","help wanted, beginner friendly","Rust","beginner","automation","True","2024-01-31","8"
"178","spring-data-jpa","Add indexes to frequently queried columns","The users table queries by email are slow. Add database index on email column.","good first issue, easy","Java","beginner","database","True","2024-04-07","0"
"179","ruby-activejob","Add job uniqueness constraint","Sometimes the same job gets enqueued multiple times. Add a uniqueness constraint based on arguments.","good first issue, beginner friendly","Ruby","beginner","automation","True","2024-02-11","4"
"180","cpp-sorting","Optimize memory usage in merge sort","The merge sort implementation creates temporary vectors for each merge. Reuse a single buffer.","help wanted, beginner friendly","C++","beginner","testing","True","2024-03-18","9"
"183","vaadin-app","Add loading indicator to grid","The data grid doesn't show when data is loading. Add a loading spinner.","good first issue, easy","Java","beginner","api","True","2024-02-27","1"
"184","ruby-grape-api","Add versioning to API endpoints","The API doesn't support versioning. Add /v1/ prefix to all routes.","help wanted, beginner friendly","Ruby","beginner","api","True","2024-03-10","5"
"185","cpp-concurrency","Add thread-safe queue implementation","We need a producer-consumer queue. Implement a thread-safe queue using mutex and condition variable.","good first issue, beginner friendly","C++","beginner","automation","True","2024-01-05","14"
"186","go-testify-suite","Convert tests to use testify suite","Current tests use raw if statements. Refactor to use testify's suite package for better organization.","good first issue, easy","Go","beginner","testing","True","2024-02-08","0"
"188","junit5-demo","Add parameterized tests for calculator","The CalculatorTests are repetitive. Use @ParameterizedTest to test multiple inputs.","good first issue, beginner friendly","Java","beginner","testing","True","2024-03-22","3"
"189","ruby-sinatra-app","Add Content-Security-Policy header","The app lacks security headers. Add CSP header with basic directives.","good first issue, security","Ruby","beginner","security","True","2024-01-26","2"
"190","cpp-logger","Add log rotation","Log file grows indefinitely. Implement log rotation based on file size.","help wanted, beginner friendly","C++","beginner","devtools","True","2024-02-16","8"
"192","rust-tracing-app","Add span for each request","We need better tracing. Add a span that covers the entire request lifecycle.","good first issue, beginner friendly","Rust","beginner","api","True","2024-03-04","1"
"193","dropwizard-app","Add metrics for endpoint latency","We don't know which endpoints are slow. Add metrics to track request duration.","help wanted, beginner friendly","Java","beginner","api","True","2024-01-14","4"
"194","ruby-json-api","Handle invalid JSON gracefully","The API crashes on malformed JSON. Add error handling to return 400.","bug, good first issue","Ruby","beginner","api","True","2024-02-23","2"
"195","cpp-http-client","Add connection pooling","The client creates new connection for each request. Implement simple connection reuse.","good first issue, beginner friendly","C++","beginner","api","True","2024-03-29","7"
"196","go-mux-api","Add graceful shutdown","The server doesn't handle SIGTERM. Add signal handling to shut down gracefully.","help wanted, beginner friendly","Go","beginner","api","True","2024-04-08","5"
"197","rust-reqwest-example","Add retry logic for transient failures","Network issues cause failures. Add retry with exponential backoff for failed requests.","good first issue, beginner friendly","Rust","beginner","api","True","2024-01-18","3"
"199","ruby-active-record","Add missing foreign key constraints","The posts table has user_id but no foreign key. Add the constraint with cascade delete.","good first issue, easy","Ruby","beginner","database","True","2024-03-14","0"
"200","cpp-test-framework","Add test case for edge values","The math functions aren't tested with max/min int values. Add test cases for boundaries.","help wanted, beginner friendly","C++","beginner","testing","True","2024-04-22","4"
"202","rust-async-std","Replace unwrap with proper error handling","The code uses unwrap everywhere. Replace with proper error propagation using ? and thiserror.","good first issue, beginner friendly","Rust","beginner","devtools","True","2024-01-29","9"
"203","lombok-demo","Add builder pattern to User class","The User class has many fields. Add @Builder annotation to simplify object creation.","good first issue, easy","Java","beginner","devtools","True","2024-03-07","2"
"204","ruby-capybara","Add test for login flow","The login feature has no integration tests. Add Capybara test for happy path.","help wanted, beginner friendly","Ruby","beginner","testing","True","2024-04-11","3"
"205","cpp-string-utils","Add trim function","We have ltrim and rtrim but no trim. Implement trim that removes spaces from both ends.","good first issue, beginner friendly","C++","beginner","devtools","True","2024-02-20","0"
"206","go-embed-files","Use embed for HTML templates","Currently templates are read from disk. Use go:embed to bundle them in binary.","good first issue, beginner friendly","Go","beginner","devtools","True","2024-03-17","2"
"208","jackson-demo","Handle null fields in JSON serialization","Null fields are currently omitted. Configure Jackson to include them with null values.","good first issue, easy","Java","beginner","api","True","2024-04-24","1"
"209","ruby-rspec","Add shared examples for models","Several models have similar specs. Extract shared examples to reduce duplication.","good first issue, beginner friendly","Ruby","beginner","testing","True","2024-02-28","6"
"210","cpp-makefile","Add install target to Makefile","The Makefile only builds. Add make install to copy binary to /usr/local/bin.","help wanted, beginner friendly","C++","beginner","devtools","True","2024-03-21","0"
"212","rust-yaml-parser","Support multiline strings","The parser doesn't handle YAML multiline strings with | or >. Add support.","bug, good first issue","Rust","beginner","devtools","True","2024-01-24","5"
"213","mockito-demo","Add unit tests with mocks","The service layer has no tests. Use Mockito to mock repository and test business logic.","help wanted, beginner friendly","Java","beginner","testing","True","2024-02-07","8"
"215","cpp-crypto","Add constant-time comparison","The string comparison for passwords is vulnerable to timing attacks. Implement constant-time compare.","good first issue, security","C++","beginner","security","True","2024-04-28","11"
"217","rust-unicode","Add normalization for user input","User input can have different Unicode forms. Normalize to NFC before processing.","good first issue, beginner friendly","Rust","beginner","security","True","2024-01-13","2"
"218","jdbc-template","Use try-with-resources for connections","Some database operations don't close connections properly. Refactor to use try-with-resources.","bug, good first issue","Java","beginner","database","True","2024-03-31","4"
"219","ruby-rack-app","Add Rack middleware for logging","The app doesn't log requests. Create a simple middleware to log method and path.","good first issue, beginner friendly","Ruby","beginner","api","True","2024-02-26","0"
"220","cpp-multithreading","Fix data race in counter","Multiple threads increment without synchronization. Add atomic operation or mutex.","bug, help wanted","C++","beginner","automation","True","2024-04-17","10"
"221","go-cache","Add TTL support","Items stay in cache forever. Add time-to-live with background cleanup goroutine.","good first issue, beginner friendly","Go","beginner","database","True","2024-01-20","6"
"222","rust-grep-tool","Add recursive search option","The tool only searches current directory. Add -r flag to search recursively.","help wanted, beginner friendly","Rust","beginner","cli","True","2024-03-09","2"
"223","servlet-api","Add character encoding filter","Requests with UTF-8 characters are garbled. Add filter to set request/response encoding.","good first issue, beginner friendly","Java","beginner","api","True","2024-04-02","1"
"224","ruby-thread-pool","Add graceful shutdown","The pool doesn't wait for tasks to finish on shutdown. Implement graceful termination.","help wanted, beginner friendly","Ruby","beginner","automation","True","2024-02-15","4"
"225","cpp-cmake","Set C++ standard to C++17 in CMakeLists","The project doesn't specify C++ standard. Add set(CMAKE_CXX_STANDARD 17).","good first issue, easy","C++","beginner","devtools","True","2024-03-23","0"
"226","go-websocket","Add ping/pong heartbeat","Connections drop without activity. Implement ping/pong to keep alive.","good first issue, beginner friendly","Go","beginner","api","True","2024-01-27","3"
"227","rust-sqlx","Add migration example in README","New users struggle with migrations. Add example showing how to run migrations.","documentation","Rust","beginner","database","True","2024-04-29","1"
"228","spring-security","Add password encoder to UserDetailsService","Passwords are stored in plain text. Configure BCryptPasswordEncoder.","good first issue, security","Java","beginner","security","True","2024-02-19","7"
"229","ruby-sidekiq","Add scheduled job for cleanup","We need to clean old records daily. Add a scheduled job that runs every night.","help wanted, beginner friendly","Ruby","beginner","automation","True","2024-03-13","5"
"230","cpp-raii","Convert raw pointers to smart pointers","The code uses new/delete. Refactor to use unique_ptr and shared_ptr.","good first issue, beginner friendly","C++","beginner","devtools","True","2024-04-05","9"
"231","go-grpc-server","Add reflection for grpcurl","We can't easily call methods from CLI. Enable gRPC server reflection.","good first issue, beginner friendly","Go","beginner","api","True","2024-01-10","2"
"232","rust-wasm-app","Fix panic in browser console","The WASM module panics on missing DOM element. Check existence before accessing.","bug, good first issue","Rust","beginner","devtools","True","2024-02-24","3"
"233","java-mail-sender","Add HTML email support","Currently sends plain text only. Add method to send HTML emails with attachments.","help wanted, beginner friendly","Java","beginner","api","True","2024-03-30","6"
"234","ruby-json-schema","Add JSON schema validation for config","The config file format isn't validated. Use JSON Schema to validate on load.","good first issue, beginner friendly","Ruby","beginner","devtools","True","2024-04-19","1"
"235","cpp-iterator","Implement reverse iterator for custom container","The custom vector doesn't support rbegin/rend. Add reverse iterator support.","help wanted, beginner friendly","C++","beginner","devtools","True","2024-01-04","5"
"236","go-flag","Add -version flag to print version","The CLI tool can't show its version. Add flag to display version from build info.","good first issue, easy","Go","beginner","cli","True","2024-02-29","0"
"237","rust-env-logger","Allow setting log level via env var","Log level is hardcoded. Use env_logger to read from RUST_LOG environment variable.","good first issue, beginner friendly","Rust","beginner","devtools","True","2024-03-19","2"
"238","jpa-criteria","Add Specification for filtering","The repository queries are hardcoded. Implement JPA Specifications for dynamic queries.","help wanted, beginner friendly","Java","beginner","database","True","2024-04-25","4"
"239","ruby-zeitwerk","Fix autoloading in production","Some classes aren't autoloaded in production. Ensure all directories are in the loader.","bug, good first issue","Ruby","beginner","devtools","True","2024-02-04","3"
"240","cpp-constexpr","Make factorial function constexpr","The factorial function runs at runtime. Make it constexpr for compile-time evaluation.","good first issue, beginner friendly","C++","beginner","devtools","True","2024-03-27","0"
"241","go-generics","Add generic filter function","We need a reusable filter for slices. Implement a generic function that works with any type.","help wanted, beginner friendly","Go","beginner","devtools","True","2024-01-16","4"
"242","rust-nom-parser","Add error context to parser","Parse errors are cryptic. Add nom's context combinator for better messages.","good first issue, beginner friendly","Rust","beginner","devtools","True","2024-04-09","3"
"243","java-streams","Replace loop with stream in report generation","The report code uses for loops. Refactor to use Java streams for readability.","good first issue, beginner friendly","Java","beginner","devtools","True","2024-02-21","2"
"244","ruby-bundler","Update required Ruby version in gemspec","The gemspec still requires 2.5 which is EOL. Update to 2.7+.","good first issue, easy","Ruby","beginner","devtools","True","2024-03-06","1"
"245","cpp-templates","Add concept constraints for numeric types","The template accepts any type. Use C++20 concepts to constrain to arithmetic types.","help wanted, beginner friendly","C++","beginner","devtools","False","2024-04-13","5"
"246","go-pprof","Add pprof endpoints","We can't profile the app. Add net/http/pprof to expose profiling data.","good first issue, beginner friendly","Go","beginner","devtools","True","2024-01-23","2"
"247","rust-criterion","Add benchmark for sorting functions","We don't know which sort is faster. Add Criterion benchmarks for different algorithms.","help wanted, beginner friendly","Rust","beginner","testing","True","2024-02-26","4"
"248","jsr305","Replace FindBugs annotations with SpotBugs","The project uses deprecated annotations. Update to modern SpotBugs equivalents.","good first issue, beginner friendly","Java","beginner","devtools","True","2024-03-15","0"
"249","ruby-debug","Replace puts with logger","Debug messages use puts. Replace with proper logger that respects log level.","good first issue, beginner friendly","Ruby","beginner","devtools","False","2024-04-21","3"
"251","go-fiber-app","Add CSRF protection","The app is vulnerable to CSRF. Add middleware with token generation.","good first issue, security","Go","beginner","security","True","2024-03-11","2"
"252","rust-crossbeam","Replace Arc<Mutex> with crossbeam channels","Current shared state uses locks. Consider channels for better concurrency.","good first issue, beginner friendly","Rust","beginner","automation","False","2024-01-07","6"
"253","java-optional","Fix potential NullPointerException","The code doesn't check if value is null before using. Use Optional to handle nulls.","bug, good first issue","Java","beginner","devtools","True","2024-04-27","4"
"254","ruby-erb","Fix HTML escaping in templates","User input isn't escaped causing XSS risk. Use ERB::Util.html_escape.","good first issue, security","Ruby","beginner","security","True","2024-02-17","3"
"255","cpp-move-semantics","Add move constructor to String class","The custom String class copies even when it could move. Implement move constructor.","help wanted, beginner friendly","C++","beginner","devtools","True","2024-03-24","9"
"256","go-protobuf","Update protoc version in generate script","The script uses old protoc. Update to latest and adjust import paths.","good first issue, beginner friendly","Go","beginner","devtools","True","2024-04-03","1"
"257","rust-axum","Add extractor for pagination params","Currently parsing query params manually. Create a custom extractor for page/limit.","good first issue, beginner friendly","Rust","beginner","api","False","2024-01-19","3"
"258","java-assertj","Convert JUnit assertions to AssertJ","Tests use JUnit assertions. Refactor to AssertJ for better readability and failure messages.","good first issue, beginner friendly","Java","beginner","testing","True","2024-02-09","5"
"260","cpp-enum","Convert to enum class","The enum pollutes global namespace. Change to enum class for better scoping.","good first issue, beginner friendly","C++","beginner","devtools","False","2024-04-16","0"
"261","go-atomic","Replace mutex with atomic operations","The counter uses mutex but only increments. Use atomic.AddInt64 for better performance.","good first issue, beginner friendly","Go","beginner","automation","True","2024-01-30","1"
"262","rust-bincode","Add bincode serialization to examples","The examples only show JSON. Add example using bincode for binary format.","documentation","Rust","beginner","devtools","True","2024-02-13","2"
"263","lombok-constructor","Add @NoArgsConstructor to JPA entities","JPA needs default constructor. Add annotation where missing.","good first issue, easy","Java","beginner","database","True","2024-03-18","0"
"264","ruby-rack-test","Add tests for file upload endpoint","The file upload feature isn't tested. Add Rack::Test with multipart form data.","help wanted, beginner friendly","Ruby","beginner","testing","True","2024-04-05","4"
"265","cpp-overload","Add stream output operator for Point class","Can't easily print Point objects. Overload operator<< for debugging.","good first issue, beginner friendly","C++","beginner","devtools","False","2024-01-12","2"
"266","go-context","Pass context to database calls","The db functions don't respect cancellation. Add context parameter to all db methods.","good first issue, beginner friendly","Go","beginner","database","True","2024-02-25","7"
"267","rust-clippy","Fix clippy warnings in CI","The code has many clippy warnings. Fix the pedantic warnings in the codebase.","help wanted, beginner friendly","Rust","beginner","devtools","True","2024-03-07","6"
"268","java-enums","Add toString implementation for Status enum","The enum returns uppercase name. Add toString to return formatted status.","good first issue, beginner friendly","Java","beginner","devtools","True","2024-04-20","1"
"269","ruby-routes","Clean up routes file","The routes.rb file is messy. Use draw to split into multiple files.","good first issue, beginner friendly","Ruby","beginner","api","True","2024-02-03","3"
"270","cpp-fold-expression","Simplify sum function with fold expression","The variadic template sum is verbose. Use C++17 fold expression.","help wanted, beginner friendly","C++","beginner","devtools","True","2024-03-26","5"
"281","django/django","Fix queryset annotation ordering with window functions on MySQL","Annotating a Django queryset with Window functions works on Postgres but produces incorrect ORDER BY on MySQL 8. The generated SQL misses the PARTITION BY clause in some edge cases with multiple annotations. A test case with 500k rows is attached showing the discrepancy.","bug","Python","intermediate","database","False","2024-03-05","2"
"282","vercel/next.js","Support partial prerendering for dynamic route segments","Our marketing site uses Next.js App Router but partial prerendering doesn't work correctly when combined with generateStaticParams for i18n routes. The fallback renders full dynamic content instead of static shell. Documented behavior differs from the Canary implementation.","feature request","JavaScript","intermediate","web","True","2024-08-14","14"
"284","golang/go","Expose runtime.GOMAXPROCS change callback for custom schedulers","We're building a custom task scheduler on top of Go and need to react to GOMAXPROCS changes from the runtime. Currently there's no hook after SetMaxProcs. This would allow rebalancing our worker pools without polling.","enhancement","Go","intermediate","devtools","True","2025-03-18","5"
"287","angular/angular","Support signal-based forms with async validators","The new signals API in Angular 17+ doesn't integrate cleanly with async validators in reactive forms. The status changes don't propagate correctly to the signal. A dedicated signalFormGroup would solve validation UX in our enterprise forms.","feature request","TypeScript","intermediate","web","True","2024-11-08","13"
"291","denoland/deno","Add built-in support for WebAssembly SIMD in Deno runtime","Our ML inference service uses WASM but Deno doesn't expose SIMD instructions yet. The current wasm32 target misses performance gains. Enabling the feature flag by default for deno task would help edge compute use cases.","feature request","TypeScript","intermediate","ml","True","2024-09-15","21"
"294","react-router/react-router","Implement data routers with optimistic UI for nested routes","Data routers in React Router v6.4+ don't support optimistic updates for nested layouts. Our dashboard has deeply nested routes where stale data flashes during mutations. Adding useOptimistic hook would clean this up.","feature request","JavaScript","intermediate","web","True","2024-04-17","16"
"295","prisma/prisma","Generate type-safe Prisma Client for dynamic model names at runtime","In our admin panel we need to query models by string name but the generated client only supports static imports. A Prisma.DynamicClient helper would enable meta-programming without losing types.","help wanted","TypeScript","intermediate","database","True","2024-08-02","11"
"299","microsoft/TypeScript","Improve error messages for infer constraints in conditional types","The current TS error for failed infer constraints is generic and doesn't show the actual mismatched type. Our library users spend hours debugging. Including the actual type in the message would improve DX.","refactor","TypeScript","intermediate","devtools","True","2024-07-10","18"
"301","hibernate/hibernate-orm","Support for @Formula with window functions in entity mappings","Our analytics entities use @Formula with RANK() OVER but Hibernate doesn't translate it correctly for MySQL. The generated SQL misses parentheses. Extending Dialect would solve reporting queries.","enhancement","Java","intermediate","database","True","2025-03-12","5"
"304","nestjs/nest","Implement interceptors for GraphQL subscription events","The current NestJS GraphQL module lacks interceptors for subscription payloads. Our real-time features need auth checks on every event. Adding @UseInterceptors on @Subscription would complete the feature parity with queries.","refactor","TypeScript","intermediate","api","True","2024-12-18","8"
"306","flask/flask","Add async support for before_request hooks with context vars","Our Flask 2.3+ app uses async views but before_request hooks run sync causing blocking. ContextVars don't propagate correctly. Official async hook support would fix this.","enhancement","Python","intermediate","web","True","2024-06-15","6"
"308","golang/go","Expose net/http Server graceful shutdown timeout per listener","Our Go service has multiple listeners but graceful shutdown uses a global timeout. Per-listener config would allow staggered shutdowns for blue-green deploys.","feature request","Go","intermediate","devtools","True","2024-10-28","4"
"309","quarkusio/quarkus","Support SmallRye Health UI with custom check groups","The Quarkus health UI doesn't allow filtering checks by group tags. Our microservices have 50+ checks and the UI becomes unusable. Adding group support would improve ops dashboards.","enhancement","Java","intermediate","devtools","True","2025-04-15","7"
"311","pandas-dev/pandas","Implement rolling quantile with interpolation options for time-series","The current rolling.quantile doesn't expose the interpolation param like scipy. Our financial models need 'midpoint' for accurate VaR calculation. This small addition would help.","feature request","Python","intermediate","ml","True","2024-07-05","11"
"313","gin-gonic/gin","Add built-in OpenTelemetry tracing middleware with baggage","The current Gin middleware for tracing doesn't propagate baggage context. Our distributed services lose correlation IDs. Official support would reduce custom code.","enhancement","Go","intermediate","devtools","True","2025-02-05","3"
"314","spring-projects/spring-boot","Provide @ConditionalOnBean for configuration properties classes","Our Spring Boot modules use @ConfigurationProperties but conditional loading based on another bean isn't straightforward. Adding a dedicated annotation would simplify modular apps.","enhancement","Java","intermediate","devtools","True","2024-03-10","9"
"315","facebook/react","Improve error boundaries with async component support in React 19","Error boundaries don't catch errors in async components properly during initial render. Our suspense-heavy app shows unhandled promises. Updating the boundary logic would help.","bug","JavaScript","intermediate","web","True","2024-09-08","20"
"317","kubernetes/kubernetes","Add kubectl top with custom resource metrics from Prometheus","The current kubectl top only uses core metrics server but our clusters expose custom Prometheus metrics. Extending the command would help ops teams.","enhancement","Go","intermediate","devtools","True","2025-01-10","8"
"319","fastapi/fastapi","Add WebSocket dependency injection for connection state","WebSocket endpoints don't support Depends for per-connection state cleanly. Our chat app duplicates logic. A WebSocketDepends class would standardize it.","refactor","Python","intermediate","api","True","2024-08-18","12"
"323","golang/go","Support generics in net/http HandlerFunc for typed responses","The current HandlerFunc doesn't support generics for response types. Our internal framework duplicates code. Adding a generic wrapper would improve type safety.","feature request","Go","intermediate","api","True","2024-11-20","7"
"324","quarkusio/quarkus","Integrate SmallRye GraphQL with Panache reactive entities","GraphQL queries don't automatically map to Panache reactive repositories. Our API layer needs manual mapping. Native integration would simplify.","enhancement","Java","intermediate","api","True","2025-02-20","6"
"326","pandas-dev/pandas","Enhance read_sql with support for async SQLAlchemy engines","The current read_sql blocks on async engines. Our data pipeline uses async but falls back to sync. Native async support would prevent thread pool exhaustion.","performance","Python","intermediate","database","True","2024-05-15","13"
"327","facebook/react","Add useDeferredValue with priority hints for concurrent rendering","The useDeferredValue doesn't accept priority hints like useTransition. Our heavy charts lag during navigation. Extending the API would improve UX.","feature request","JavaScript","intermediate","web","True","2024-09-20","18"
"328","denoland/deno","Expose Deno.permissions.request for runtime permission prompts","Our CLI tools need dynamic permission requests but the API is static. Adding request method would align with browser permissions.","enhancement","TypeScript","intermediate","devtools","True","2024-12-28","4"
"329","kubernetes/kubernetes","Improve kubectl explain with versioned examples","The explain command shows generic examples but not version-specific for CRDs. Our operators need better docs integration.","help wanted","Go","intermediate","devtools","True","2025-01-28","3"
"332","vercel/next.js","Support ISR with custom cache handlers for edge runtimes","Incremental Static Regeneration doesn't allow custom cache backends on edge. Our global CDN setup needs this.","performance","JavaScript","intermediate","web","True","2024-11-10","15"
"333","numpy/numpy","Implement np.unique with return_inverse for object dtype","The current unique doesn't support return_inverse for non-numeric. Our NLP preprocessing needs it for token vocab.","feature request","Python","intermediate","ml","True","2025-04-10","5"
"334","microsoft/TypeScript","Add strictNullChecks enforcement for template literal unions","Template literal unions don't respect strictNullChecks in some inference paths. This causes runtime surprises in our string-typed configs.","bug","TypeScript","intermediate","devtools","False","2024-02-15","1"
"335","golang/go","Add sync.Cond with context cancellation support","The current Cond doesn't integrate with context for wait cancellation. Our worker pools have to use extra channels.","enhancement","Go","intermediate","devtools","True","2024-08-05","8"
"337","prisma/prisma","Add support for Prisma Studio theming and custom branding","Prisma Studio is great but lacks theming for enterprise branding. Our internal tools need dark mode consistency.","feature request","TypeScript","intermediate","devtools","True","2025-03-05","6"
"338","pandas-dev/pandas","Optimize Styler for large DataFrames with conditional formatting","The Styler slows down dramatically above 10k rows with custom formatters. Our reporting needs faster HTML export.","performance","Python","intermediate","ml","True","2024-06-20","14"
"339","facebook/react","Implement useId with stable IDs across server/client for portals","The useId generates different IDs on server vs client for portals causing hydration mismatches. Our modals break.","bug","JavaScript","intermediate","web","True","2024-09-05","19"
"340","denoland/deno","Add Deno.test with built-in snapshot testing for objects","The current testing lacks deep object snapshots like Jest. Our component library tests are verbose.","enhancement","TypeScript","intermediate","testing","True","2024-12-15","7"
"341","kubernetes/kubernetes","Extend kubectl get with custom column sorting for CRDs","The get command sorting doesn't work for stringified JSON columns in CRDs. Our monitoring needs better CLI views.","refactor","Go","intermediate","devtools","True","2025-01-15","4"
"343","fastapi/fastapi","Provide lifespan context manager for background scheduler integration","Integrating APScheduler requires manual lifespan handling. A built-in scheduler context would simplify cron jobs.","feature request","Python","intermediate","devtools","True","2024-07-30","9"
"344","vercel/next.js","Add route segment config for experimental PPR in layout files","Partial Prerendering config is only at page level but our layouts need per-segment control. This limits adoption.","enhancement","JavaScript","intermediate","web","True","2024-11-25","13"
"345","numpy/numpy","Add support for np.fft with real-valued input optimizations","The FFT functions don't auto-detect real input for faster rfft path. Our signal processing pipeline misses speedups.","performance","Python","intermediate","ml","True","2025-02-15","5"
"346","microsoft/TypeScript","Improve union type narrowing with literal template keys","Literal template types in unions don't narrow correctly in switch statements. Our router code has many type guards.","refactor","TypeScript","intermediate","devtools","True","2024-03-15","11"
"347","golang/go","Support io/fs with embedded FS for http.FileServer caching","The embedded FS doesn't provide ETag headers automatically. Our static asset serving needs better caching.","enhancement","Go","intermediate","web","True","2024-08-25","8"
"348","quarkusio/quarkus","Integrate OIDC with Keycloak admin client for dynamic client registration","The OIDC extension doesn't expose admin client for runtime registration. Our SaaS onboarding needs this.","security","Java","intermediate","security","True","2024-10-25","6"
"349","prisma/prisma","Support for extended client with batch transaction limits","The extended client doesn't respect max batch size for transactions. Our bulk operations hit limits unexpectedly.","performance","TypeScript","intermediate","database","True","2025-03-15","3"
"350","pandas-dev/pandas","Implement DataFrame.ewm with custom alpha decay functions","The ewm only supports fixed com/span but our forecasting needs custom decay. Adding callable alpha would help.","feature request","Python","intermediate","ml","True","2024-05-25","16"
"351","facebook/react","Add forwardRef support for server components with useImperativeHandle","Server components can't forward refs properly with imperative handles. Our canvas library breaks.","bug","JavaScript","intermediate","web","False","2024-09-10","2"
"352","denoland/deno","Expose Deno.version for runtime compatibility checks in scripts","Scripts can't easily check Deno version without parsing user agent. A global Deno.version would simplify polyfills.","enhancement","TypeScript","intermediate","devtools","True","2024-12-20","7"
"354","hibernate/hibernate-orm","Support for natural id caching with soft locks","The natural ID cache doesn't handle concurrent updates with soft locks. Our high-contention entities have stale reads.","performance","Java","intermediate","database","True","2024-04-10","12"
"355","fastapi/fastapi","Add dependency caching for repeated calls within request scope","Dependencies recompute even when cached=True in some nested cases. Our auth layer duplicates DB calls.","refactor","Python","intermediate","api","True","2024-07-20","10"
"356","vercel/next.js","Support dynamic imports with SSR false in app router layouts","The dynamic import SSR:false doesn't work in root layouts for third-party widgets. Our analytics break.","bug","JavaScript","intermediate","web","True","2024-11-30","14"
"357","numpy/numpy","Add np.histogram2d with density normalization option","The histogram2d lacks density param like histogram1d. Our scientific plots need normalized output.","enhancement","Python","intermediate","ml","True","2025-02-25","4"
"358","microsoft/TypeScript","Fix excess property checking for discriminated unions with index signatures","Excess properties slip through in discriminated unions with index signatures. Our form validators have false positives.","bug","TypeScript","intermediate","devtools","True","2024-03-25","15"
"359","golang/go","Implement context.WithTimeoutCause for better error wrapping","The current WithTimeout doesn't attach cause properly for debugging. Our timeout handling is verbose.","refactor","Go","intermediate","devtools","True","2024-08-10","8"
"360","quarkusio/quarkus","Support RESTEasy Reactive with SSE and backpressure","The SSE implementation doesn't respect backpressure from subscribers. Our event streams overload clients.","performance","Java","intermediate","api","True","2024-10-30","5"
"361","prisma/prisma","Add middleware for query logging with custom formatters","The current logging is fixed format but our ELK stack needs structured JSON. Custom middleware would help.","enhancement","TypeScript","intermediate","devtools","True","2025-03-20","6"
"362","pandas-dev/pandas","Support read_parquet with partitioned datasets and hive schema inference","The read_parquet ignores hive partitioning metadata in some cases. Our data lake queries fail.","bug","Python","intermediate","database","True","2024-06-05","13"
"363","facebook/react","Implement useActionState with server actions and optimistic updates","The new useActionState doesn't integrate optimistic updates natively. Our forms show stale state during submission.","feature request","JavaScript","intermediate","web","True","2024-09-15","17"
"364","denoland/deno","Add Deno.makeTempDir with custom prefix/suffix options","The temp dir API is basic and doesn't support prefixes like os.tmpdir. Our test runners need better isolation.","enhancement","TypeScript","intermediate","devtools","True","2024-12-25","3"
"365","kubernetes/kubernetes","Extend kubectl logs with tail and since-time for multiple containers","The logs command requires separate calls for multi-container pods. A combined flag would simplify debugging.","help wanted","Go","intermediate","devtools","True","2025-01-25","11"
"366","hibernate/hibernate-orm","Support @Cacheable with region per entity subclass","The second level cache doesn't allow per-subclass regions easily. Our polymorphic entities have cache thrashing.","performance","Java","intermediate","database","True","2024-04-15","7"
"367","fastapi/fastapi","Provide automatic 422 validation error customization per endpoint","The global 422 handler can't be overridden per route easily. Our API needs custom messages.","refactor","Python","intermediate","api","True","2024-08-15","9"
"368","vercel/next.js","Support static generation with fetch cache: 'force-cache' in middleware","Middleware fetch calls ignore cache config for static exports. Our auth checks are always dynamic.","bug","JavaScript","intermediate","web","True","2024-12-05","12"
"369","numpy/numpy","Implement np.corrcoef with rowvar=False default for pandas compatibility","The corrcoef default rowvar confuses pandas users migrating code. A pandas-friendly alias would help.","enhancement","Python","intermediate","ml","True","2025-03-30","4"
"371","rust-lang/tokio","Deadlock in async runtime when combining select! with nested spawns","The select! macro exhibits a deadlock condition when a nested spawn inside one of its branches attempts to acquire a mutex held by the outer task. This reproduces consistently under high concurrency with more than 16 worker threads. The root cause appears to be in the task-stealing scheduler failing to yield correctly when a waker is dropped mid-poll. We have traced it to the park_timeout path in runtime/src/park.rs. A minimal reproducer is attached showing the issue with a 2-branch select! and a shared Arc<Mutex<T>>. This blocks our production migration to async-first architecture.","architecture;performance","Rust","advanced","async;concurrency;runtime","TRUE","3/15/2024","22"
"372","golang/go","net/http: Connection pool exhaustion under sustained load with HTTP/2 multiplexing","Under sustained load with HTTP/2 enabled the connection pool silently exhausts without returning errors to callers. The Transport.MaxConnsPerHost setting is respected initially but after approximately 10k requests the pool starts leaking connections that are never returned. Profiling with pprof shows goroutines stuck in persistConn.writeRequest indefinitely. We believe the issue is related to RST_STREAM frames not being processed when the write buffer is full. This is a regression introduced in Go 1.22.3 based on our bisect results.","performance;breaking change","Go","advanced","networking;http2;concurrency","TRUE","5/20/2024","35"
"373","microsoft/typescript","Conditional type inference breaks with recursive mapped types in strict mode","When using a recursive mapped type combined with a conditional type that has an infer clause TypeScript 5.4 produces incorrect narrowing in strict mode. The inferred type is widened to unknown instead of correctly resolving the recursive branch. This worked correctly in TypeScript 5.2. The regression appears to be related to the changes in variance inference introduced in the 5.3 cycle. A repro is available on the TypeScript Playground demonstrating the incorrect never propagation through three levels of recursion.","breaking change;architecture","TypeScript","advanced","type-system;inference;generics","TRUE","6/11/2024","18"
"374","apache/kafka","Consumer group rebalance storm triggered by transient ZooKeeper session expiry","A transient ZooKeeper session expiry of under 200ms is causing a full consumer group rebalance storm affecting all 48 consumers in our cluster. The rebalance loop does not terminate and consumers are unable to make progress. Analysis of the broker logs shows the group coordinator is not correctly distinguishing between a session expiry and a clean leave. We have patched GroupCoordinator.scala locally to add a grace period but this needs to be addressed upstream. This issue has caused multiple SLA breaches in our production environment.","performance;architecture","Java","advanced","kafka;distributed-systems;zookeeper","FALSE","2/8/2024","40"
"375","openssl/openssl","Timing side-channel in RSA-OAEP decryption path under constant-time bypass","Our security team identified a timing side-channel in the RSA-OAEP decryption code path that can be triggered when the hardware acceleration fallback is activated. The RSA_padding_check_PKCS1_OAEP_mgf1 function does not maintain constant-time behavior when the MGF1 hash mismatch occurs in the accelerated path. This was discovered using a Manger-style timing oracle attack in a lab environment with 10^6 decryption queries. We are responsibly disclosing this after coordinating with the security team per the published process.","security","C++","advanced","cryptography;side-channel;rsa","TRUE","7/3/2024","12"
"376","pytorch/pytorch","CUDA kernel launch race in custom autograd Function with non-default streams","A race condition occurs in custom autograd Functions when the forward pass launches CUDA kernels on a non-default stream and the backward pass is scheduled before stream synchronization completes. The gradient computation produces non-deterministic NaN values approximately 1 in 50 runs. This is not reproducible with the default CUDA stream. The issue lies in engine.cpp where saved tensors are accessed without checking the originating stream completion status. We have a reproducer using torch.autograd.Function with explicit stream management.","performance;architecture","C++","advanced","cuda;autograd;concurrency","TRUE","8/19/2024","27"
"377","hashicorp/terraform","State lock deadlock when concurrent applies target overlapping resources","Running two concurrent terraform apply operations that target overlapping but non-identical resource sets causes a state lock deadlock in the remote backend. The lock acquisition follows different ordering depending on the dependency graph traversal which is non-deterministic. The backend correctly returns a lock error for the second apply but the first apply then hangs indefinitely waiting for a lock it already holds. This has been reproduced with both S3 and Terraform Cloud backends. The fix likely requires lock ordering to be canonicalized before acquisition.","architecture;breaking change","Go","advanced","terraform;state-management;concurrency","FALSE","4/22/2024","31"
"378","kubernetes/kubernetes","kubelet memory leak when watching large numbers of ConfigMaps with field selectors","The kubelet process exhibits a slow memory leak when configured to watch more than 500 ConfigMaps using field selectors. The leak rate is approximately 50MB per hour under steady state. Heap profiling with go tool pprof shows the accumulation is in the reflector cache which is not correctly evicting entries when field-selector-filtered watches receive MODIFIED events. This was introduced in the 1.29 release cycle based on our bisect. We are running 1.30.1 and have confirmed the issue does not occur on 1.28.","performance;architecture","Go","advanced","kubernetes;memory-leak;watch","TRUE","9/5/2024","19"
"379","rust-lang/rust","ICE: internal compiler error with const generics and where clause on associated type","The Rust compiler panics with an internal compiler error when a const generic parameter is used in a where clause constraining an associated type of a trait bound. The panic message is assertion failed in rustc_trait_selection. This reproduces on stable 1.77 and nightly. The workaround is to remove the const generic and use a runtime value but this defeats the purpose of the abstraction. A minimal reproducer of 15 lines is attached.","architecture","Rust","advanced","compiler;const-generics;ICE","TRUE","1/30/2024","14"
"380","django/django","QuerySet.annotate() with Window function produces incorrect SQL for multi-database routers","Using QuerySet.annotate() with a Window function expression on a project with multiple database routers generates incorrect SQL that references the wrong schema prefix. The generated query uses the default database alias even when the queryset has been explicitly routed to a secondary database. This causes either a table-not-found error or silently reads from the wrong database. The issue is in django/db/models/sql/compiler.py in the as_sql method for window expressions. Affects Django 4.2 and 5.0.","architecture;breaking change","Python","advanced","orm;sql;multi-database","TRUE","5/14/2024","23"
"381","llvm/llvm-project","Incorrect loop vectorization with pointer aliasing assumptions in O3","The LLVM loop vectorizer generates incorrect code at O3 when two pointers that are provably non-aliasing per restrict annotations are involved in a loop with a conditional store. The vectorized output produces wrong results on ARM SVE targets but correct results on x86. This is a miscompilation bug. We have verified the issue using a differential fuzzing harness comparing scalar and vectorized outputs across 10^7 random inputs. The bug is in lib/Transforms/Vectorize/LoopVectorize.cpp in the alias analysis integration.","security;performance","C++","advanced","vectorization;miscompilation;llvm","FALSE","3/28/2024","38"
"382","grpc/grpc-go","Streaming RPC metadata lost after server-side load balancer reconnect","When a server-side load balancer triggers a reconnect during an active bidirectional streaming RPC the per-call metadata attached to the stream is silently dropped after the reconnect. Subsequent messages on the stream proceed without the original metadata causing authorization failures downstream. The metadata loss was confirmed by comparing interceptor logs before and after the reconnect event. This is a regression from v1.62 based on our changelog review. The fix likely requires metadata to be reattached from the stream context during transport recreation.","architecture;breaking change","Go","advanced","grpc;streaming;metadata","TRUE","7/18/2024","16"
"383","facebook/react","Concurrent mode tearing with useMutableSource and external store mutations","React 18 concurrent mode exhibits observable tearing when useMutableSource is used with an external store that mutates synchronously during a high-priority render interruption. The component tree renders with inconsistent snapshots of the store across siblings. This violates the consistency guarantee described in the RFC. We have a reproducible test using Zustand with synchronous state mutations and high-frequency useTransition updates that shows different values in sibling components reading the same store slice.","architecture;RFC","TypeScript","advanced","react;concurrent;state-management","TRUE","10/2/2024","29"
"384","influxdata/influxdb","TSM engine compaction stalls under write-heavy workload with large tag cardinality","The TSM storage engine stalls compaction when the tag cardinality exceeds 10^6 unique series under a sustained write load of 500k points per second. The compaction goroutine blocks on index merging for periods up to 45 seconds causing write backpressure to propagate to ingestion. This eventually causes the WAL to fill and writes to be rejected. The issue is in the tsi1 index compaction path where the bloom filter rebuild is O(n^2) in cardinality. We have a patch that replaces this with a streaming merge but need upstream review.","performance;architecture","Go","advanced","tsdb;compaction;performance","FALSE","2/19/2024","33"
"385","elastic/elasticsearch","Circuit breaker not triggered for aggregation memory on coordinating node","The field data circuit breaker fails to account for aggregation working memory allocated on the coordinating node during a terms aggregation with a very large bucket count. This allows the JVM heap to fill completely before the breaker trips causing OOM kills in production. The root cause is that InternalAggregations.reduce() allocates intermediate collections outside of the circuit breaker accounting framework. We have reproduced this consistently on a 3-node cluster with 16GB heap per node using a cardinality of 5M terms.","performance;security","Java","advanced","elasticsearch;memory;aggregation","TRUE","6/30/2024","21"
"386","some-user/myproject","it doesnt work","","question","Python","beginner","general","TRUE","3/1/2024","0"
"387","newbie-dev/todo-app","bug in login","bug in login","triage","TypeScript","beginner","authentication","TRUE","4/15/2024","1"
"388","student123/homework-tracker","help","I need help with this","question","Python","beginner","general","TRUE","5/10/2024","2"
"389","random-user/flask-blog","error when running","","","Python","beginner","general","TRUE","1/20/2024","0"
"390","coderx/weather-app","app crashes","app crashes sometimes","bug","TypeScript","beginner","general","TRUE","7/8/2024","1"
"391","neo4j/neo4j","Cypher query planner selects inefficient index strategy for composite node properties","The Cypher query planner consistently selects a full node scan instead of the available composite index when a query combines an equality predicate on a composite property with a range predicate on a second property. EXPLAIN output confirms the index is not being considered. This results in 100x slower query execution on our 50M node graph. We have verified the composite index exists and is ONLINE. The issue does not occur when the properties are queried individually. This appears to be a planner regression introduced in Neo4j 5.18.","performance;architecture","Java","advanced","database;query-planner;indexing","TRUE","8/12/2024","17"
"392","redis/redis","WAIT command returns incorrect replica count under partial replication state","The WAIT command returns a replica count that is higher than the actual number of replicas that have acknowledged the write when a partial replication sync is in progress. This causes callers relying on WAIT for write durability guarantees to proceed with a false sense of data safety. The incorrect count is caused by replicas in the partial sync state being counted as fully synchronized. We discovered this during a failover drill where data loss occurred despite WAIT 2 0 succeeding. This is a correctness bug with data integrity implications.","security;architecture","C++","advanced","redis;replication;consistency","FALSE","9/25/2024","36"
"393","apache/arrow","IPC reader produces incorrect null bitmaps for nested list arrays with offset","The Arrow IPC reader produces incorrect null bitmaps when deserializing nested List<List<T>> arrays that have a non-zero offset on the outer list. The null positions are shifted by the offset value causing incorrect null checks downstream. This is a silent data corruption bug with no exception raised. We discovered it during a cross-language data exchange between a Python writer and a C++ reader. The bug is in ipc/reader.cc in the LoadRecordBatch function handling of nested offset buffers.","security;architecture","C++","advanced","arrow;ipc;null-handling","TRUE","11/10/2024","24"
"394","grafana/grafana","Alert rule evaluation skipped silently when evaluation interval less than scheduler tick","Alert rules with an evaluation interval smaller than the Grafana scheduler tick duration are silently skipped without generating a missed evaluation event or log entry. This causes alerts to never fire even when conditions are met. The missed evaluations are not reflected in the alert state history. We discovered this after a production incident where a critical alert with a 50ms interval never fired during a 15-minute outage. The scheduler loop does not account for sub-tick intervals.","architecture;RFC","Go","advanced","alerting;scheduler;observability","TRUE","12/1/2024","20"
"395","xyz-student/random-project","doesnt compile","","","C++","beginner","compilation","TRUE","2/14/2024","0"
"396","first-timer/blog-site","how do I add images?","how do I add images?","question","Python","beginner","general","TRUE","6/22/2024","3"
"397","learner99/calc-app","broken","its broken","triage","Java","beginner","general","TRUE","3/30/2024","1"
"398","noob-coder/api-test","500 error","getting 500 error","bug","Go","beginner","api","TRUE","8/5/2024","2"
"399","beginner-dev/snake-game","game not working","","question","Python","beginner","game","TRUE","5/18/2024","0"
"400","cilium/cilium","BPF map pressure causes packet drops under high connection churn","Under high connection churn exceeding 50k new connections per second the BPF conntrack map fills to capacity causing new connections to be silently dropped without generating any observable error. The map size is correctly configured at 1M entries but entries are not being evicted fast enough by the garbage collection goroutine. The GC interval is hardcoded to 30 seconds which is too slow for high-churn workloads. We need a configurable eviction policy and a metrics endpoint for map pressure. This is blocking our adoption of Cilium as the primary CNI in production.","performance;architecture","Go","advanced","ebpf;networking;kubernetes","TRUE","1/14/2024","28"
"401","temporal-io/temporal","Workflow history corruption when activity result exceeds payload size limit silently","When an activity returns a result that exceeds the configured payload size limit Temporal silently truncates the payload instead of failing the activity with a clear error. The truncated payload is then persisted to the workflow history causing the workflow to operate on corrupted data in subsequent steps. This is a data integrity issue. The correct behavior should be to fail the activity and surface a PayloadSizeExceededError. We traced the truncation to internal/internal_task_handlers.go in the activity result serialization path.","security;architecture","Go","advanced","temporal;workflow;data-integrity","FALSE","4/7/2024","15"
"402","vitessio/vitess","VSchema routing rules ignored for scatter queries with INFORMATION_SCHEMA joins","VSchema routing rules are completely ignored when a scatter query includes a JOIN with an INFORMATION_SCHEMA table. The query is routed to all shards instead of following the configured routing rules causing unnecessary load and incorrect results in some cases. This was introduced in the Vitess 18 release. We have tested with both hash and lookup vindexes and the behavior is consistent. The issue is in the planner handling of INFORMATION_SCHEMA as a special keyspace that bypasses routing rule evaluation.","architecture;breaking change","Go","advanced","vitess;mysql;sharding","TRUE","5/29/2024","11"
"403","envoyproxy/envoy","HTTP filter chain selection incorrect when SNI and ALPN disagree on TLS handshake","The HTTP filter chain selection logic incorrectly matches filter chains when the SNI value and ALPN protocol negotiated during the TLS handshake belong to different configured chains. The wrong filter chain is applied causing requests to be processed with incorrect configuration including wrong upstream clusters and incorrect rate limits. This is a security-relevant misconfiguration that can lead to traffic leaking to unintended backends. We have a reproducible test case using curl with explicit SNI and ALPN overrides.","security;architecture","C++","advanced","envoy;tls;filter-chain","TRUE","7/14/2024","32"
"404","homework-helper/python-basics","why is my loop infinite","why is my loop infinite","question","Python","beginner","loops","TRUE","9/12/2024","4"
"405","random-student/web-scraper","scraper broken","","triage","Python","beginner","web-scraping","TRUE","10/1/2024","0"
"406","coder-newb/discord-bot","bot offline","bot is offline help","question","Python","beginner","discord","TRUE","11/20/2024","2"
"407","firstproject/portfolio-site","css not working","","","TypeScript","beginner","css","TRUE","1/5/2024","1"
"408","noobdev42/chat-app","messages not sending","messages not sending","bug","TypeScript","beginner","messaging","TRUE","2/28/2024","0"
"409","istio/istio","mTLS passthrough broken after upgrade to Istio 1.21 with custom AuthorizationPolicy","After upgrading from Istio 1.20 to 1.21 mTLS passthrough mode stops working for workloads with a custom AuthorizationPolicy that references a ServiceAccount principal. The connections are rejected with a 403 even though the policy permits the principal. The issue does not occur without the AuthorizationPolicy or with the default STRICT PeerAuthentication. We have traced the regression to changes in the ext_authz filter ordering in the 1.21 release notes. This blocks our upgrade path for all production namespaces.","security;breaking change","Go","advanced","istio;mtls;authorization","FALSE","3/10/2024","26"
"410","opentelemetry/opentelemetry-collector","Batch processor memory spike when exporter backpressure causes queue overflow","The batch processor exhibits severe memory spikes when the downstream exporter applies backpressure causing the internal queue to overflow. Instead of dropping spans according to the configured sending_queue overflow policy the processor accumulates spans in memory until OOM. The queue_size and num_consumers settings are correctly configured but the backpressure signal from the exporter is not propagating correctly to the batch processor admission control. This results in collector pods being OOM killed under load spike conditions.","performance;architecture","Go","advanced","otel;tracing;backpressure","TRUE","4/16/2024","22"
"411","weaviate/weaviate","HNSW index corruption on concurrent writes with class schema modification","Concurrent write operations to a Weaviate class combined with a schema property addition result in HNSW index corruption. The corruption manifests as missing objects in vector search results that are confirmed present via the object GET endpoint. The issue is a race condition between the schema change handler and the HNSW graph modification lock. We discovered this during a rolling deployment that updated the schema while ingestion was running. The HNSW graph needs to be rebuilt after the corruption is detected which causes significant downtime.","security;architecture","Go","advanced","vector-db;hnsw;concurrency","TRUE","6/3/2024","19"
"412","student-proj/number-guessing","doesnt guess right","","question","Go","beginner","game","TRUE","7/25/2024","1"
"413","newcoder99/inventory-app","crash on startup","crash on startup please help","triage","Java","beginner","startup","TRUE","8/14/2024","0"
"414","learner-dev/url-shortener","links not working","","","Go","beginner","routing","TRUE","9/30/2024","2"
"415","beginner123/markdown-editor","preview broken","preview not showing","question","TypeScript","beginner","editor","TRUE","10/22/2024","1"
"416","myfirstapp/expense-tracker","numbers wrong","the numbers are wrong","bug","Python","beginner","calculations","TRUE","11/8/2024","3"
"417","argo-proj/argo-workflows","Workflow pod GC fails silently when node is NotReady during pod deletion","The Argo Workflows pod garbage collection process fails silently when the Kubernetes node hosting the workflow pod enters a NotReady state during pod deletion. The pod object is removed from the workflow pod list prematurely causing the workflow controller to mark the associated node as succeeded when it may have failed or not completed. This results in incorrect workflow completion states in the audit log. We need the GC process to verify the pod actual terminal state before marking the workflow node complete.","architecture;security","Go","advanced","argo;kubernetes;pod-lifecycle","FALSE","12/10/2024","14"
"418","containerd/containerd","Snapshot layer deduplication skipped for OCI images with non-canonical layer ordering","The containerd snapshotter skips layer deduplication when an OCI image is pushed with layer descriptors in a non-canonical order that differs from the content-addressable store internal ordering. This causes duplicate layer data to be stored consuming additional disk space proportional to the number of non-canonical layers. In our environment this has caused a 3x increase in snapshot storage usage. The deduplication logic in snapshots/storage/bolt.go assumes canonical ordering which is not guaranteed by the OCI image spec.","performance;architecture","Go","advanced","containers;storage;oci","TRUE","1/27/2024","18"
"419","spiffe/spire","SVID rotation race condition causes brief authentication failures under high load","The SPIRE agent SVID rotation logic has a race condition that causes a brief window where both the old and new SVIDs are invalid from the perspective of the relying party. Under high load with many simultaneous rotations this window can last up to 2 seconds causing authentication failures in workloads that have cached the expiring SVID. The rotation process should follow a prepare-commit pattern where the new SVID is pre-distributed before the old one expires. This is documented as a known issue in the RFC but no fix has been implemented.","security;RFC","Go","advanced","spiffe;mtls;rotation","TRUE","2/22/2024","25"
"420","random-coder/portfolio","images not loading","","triage","TypeScript","beginner","images","TRUE","3/18/2024","0"
"421","student-x/quiz-app","quiz not submitting","quiz not submitting","question","TypeScript","beginner","forms","TRUE","4/9/2024","2"
"422","newdev99/blog-api","posts endpoint 404","","","Python","beginner","api","TRUE","5/27/2024","1"
"423","coder-beginner/chat-bot","bot not responding","bot not responding at all","bug","Python","beginner","bot","TRUE","6/15/2024","0"
"424","firstproject123/game","game freezes","game freezes on level 2","question","C++","beginner","game","TRUE","7/4/2024","3"
"425","nats-io/nats-server","Message replay ordering violated when JetStream consumer restarts with ack_policy=explicit","JetStream consumers configured with ack_policy=explicit and deliver_policy=by_start_sequence produce messages out of delivery order when the consumer restarts during a replay of a large stream. The out-of-order delivery is confirmed by sequence number inspection. The root cause is that the pending message tracking map is not correctly restored from the consumer durable state after restart causing some sequence ranges to be re-delivered before others. This breaks applications relying on ordered processing semantics from JetStream.","architecture;breaking change","Go","advanced","nats;jetstream;messaging","FALSE","7/22/2024","20"
"426","cockroachdb/cockroach","Optimizer incorrectly estimates row count for partial indexes with overlapping predicates","The CockroachDB query optimizer produces incorrect row count estimates for queries that can use multiple partial indexes with overlapping predicates. The optimizer assumes independence between the predicates and multiplies selectivity estimates causing a severe underestimate of the true row count. This leads to suboptimal plan selection favoring nested loop joins over hash joins at large scales. We have a 10M row table where this causes 50x query slowdowns. The fix requires the optimizer selectivity model to account for predicate overlap in partial index candidates.","performance;architecture","Go","advanced","cockroachdb;optimizer;indexes","TRUE","8/28/2024","30"
"427","linkerd/linkerd2","Proxy CPU spike on control plane reconnect due to unbounded retry storm","The Linkerd proxy exhibits a CPU spike on data plane pods when the control plane connection is interrupted and subsequently restored. The spike is caused by an unbounded retry storm where all proxies reconnect simultaneously and flood the control plane with destination API requests. The reconnect logic does not implement exponential backoff with jitter. Under our 2000-pod deployment this causes the control plane to become unavailable for 30-60 seconds after each restart. We need a configurable backoff strategy with jitter for the destination API client.","performance;architecture","Rust","advanced","linkerd;service-mesh;backoff","TRUE","9/14/2024","23"
"428","beginner-rust/hello-world","how to print hello world","how to print hello world","question","Rust","beginner","basics","TRUE","10/5/2024","5"
"429","newbie-go/first-server","server not starting","","triage","Go","beginner","server","TRUE","11/12/2024","1"
"430","student-java/bank-app","account balance wrong","balance showing wrong amount","bug","Java","beginner","calculations","TRUE","12/3/2024","2"
"431","firstproject/todo-list","cannot add items","","","TypeScript","beginner","ui","TRUE","1/16/2024","0"
"432","beginner-cpp/calculator","division by zero","division by zero crash","question","C++","beginner","error-handling","TRUE","2/7/2024","1"
"433","prometheus/prometheus","TSDB WAL replay OOM on large WAL segments after unclean shutdown","Prometheus OOMs during WAL replay when the WAL contains segments larger than 128MB created during a write surge before an unclean shutdown. The replay process loads the entire segment into memory before applying records instead of streaming records incrementally. On systems with 8GB of RAM a 512MB WAL segment causes an OOM kill before the replay completes leaving Prometheus unable to restart. The fix requires a streaming WAL reader implementation in tsdb/wal/reader.go. This is a critical reliability issue for high-ingestion deployments.","performance;architecture","Go","advanced","prometheus;tsdb;wal","FALSE","3/5/2024","34"
"434","thanos-io/thanos","Store Gateway block sync fails silently for partially uploaded blocks in object store","The Thanos Store Gateway silently skips blocks that are partially uploaded to the object store instead of logging an error or alerting. This causes gaps in query coverage that are not visible to operators. A partially uploaded block occurs when an uploader crashes mid-upload which is a common failure mode. The block index file is present but some chunk files are missing. The Store Gateway should detect this state explicitly and expose it as a metric. This has caused silent data gaps in our long-term metrics storage discovered only during an incident.","security;architecture","Go","advanced","thanos;object-store;observability","TRUE","4/1/2024","16"
"435","etcd-io/etcd","Watch event ordering not guaranteed when compaction runs concurrently with watch resumption","etcd does not guarantee watch event ordering when a compaction operation runs concurrently with a watch resumption triggered by an ErrCompacted error. The watch client resumes from the compacted revision but some events in the range between the old watch revision and the compaction revision may be delivered out of order or dropped. This violates the watch ordering guarantee documented in the etcd API specification. We have reproduced this with a test that triggers compaction precisely when the watch client is processing the ErrCompacted and resuming.","architecture;security","Go","advanced","etcd;distributed-systems;watch","TRUE","5/6/2024","27"
"436","vitess-io/vitess","VTGate connection spike during primary failover with connection pool warm-up race","During a primary tablet failover VTGate experiences a connection spike that exceeds the configured pool size limit because multiple goroutines simultaneously attempt to warm up the connection pool to the new primary. The connection pool warm-up is not coordinated across goroutines leading to transient overload on the new primary that can delay failover completion. In our 100-shard setup this causes a 10-15 second degradation during planned failovers. The fix requires a single-flight pattern on the pool warm-up path.","performance;architecture","Go","advanced","vitess;connection-pool;failover","FALSE","11/25/2024","21"
"437","dapr/dapr","Actor reminder fires multiple times when placement table update races with reminder scheduling","Dapr actor reminders fire multiple times when a placement table update occurs during the reminder scheduling window. The double-fire is caused by a race between the placement service updating the actor-to-host mapping and the reminder scheduler checking if the current host is authoritative for the actor. Two hosts transiently believe they are authoritative and both schedule the reminder. This causes duplicate side effects in workflows where reminder idempotency is not enforced. The fix requires a distributed lock or fencing token during the placement transition.","security;architecture","Go","advanced","dapr;actors;distributed-systems","TRUE","12/20/2024","13"
"438","bazel/bazel","Remote cache poisoning via non-hermetic action that leaks hostname into output","A non-hermetic Bazel action that leaks the build machine hostname into a compiled artifact can poison the remote action cache with machine-specific outputs. Subsequent builds on different machines retrieve the poisoned cache entry and use the incorrect artifact without any cache miss signal. This is a correctness and security issue in environments with a shared remote cache. The action sandbox should either prevent hostname access or include the hostname as part of the cache key. We have reproduced this with a C++ action that embeds file paths.","security;architecture","C++","advanced","bazel;remote-cache;hermeticity","TRUE","6/7/2024","29"
"439","open-telemetry/opentelemetry-java","TraceContext propagation broken across thread pool boundaries with virtual threads","OpenTelemetry Java context propagation fails to correctly propagate TraceContext across thread pool boundaries when Java 21 virtual threads are used. The Context.current() call in the child virtual thread returns an empty context instead of the parent thread context. This causes distributed traces to be broken at every async boundary implemented with virtual threads. The ContextStorage implementation is not compatible with virtual thread semantics. This is a blocking issue for adopters migrating to Java 21 virtual threads.","architecture;breaking change","Java","advanced","otel;tracing;virtual-threads","FALSE","7/11/2024","35"
"440","argoproj/argo-cd","Application sync wave ordering violated when resource hook fails and retry occurs","Argo CD violates sync wave ordering when a resource hook in an intermediate wave fails and the sync operation retries. On retry the application controller re-evaluates all waves from wave 0 instead of resuming from the failed wave hook. Resources in earlier waves that are already healthy are re-synced unnecessarily and resources in later waves may be synced before the failed hook is retried in the correct order. This causes transient inconsistency during sync operations with hooks. The wave ordering state needs to be persisted across retry attempts.","architecture;breaking change","Go","advanced","argocd;gitops;sync","TRUE","1/31/2024","24"
"441","fluxcd/flux2","Kustomization reconciliation loop detected incorrectly when ConfigMap checksum changes","Flux2 Kustomization controller incorrectly detects a reconciliation loop when a ConfigMap part of the Kustomization has its checksum annotation updated by an external process. The controller interprets the external update as a conflicting write from a previous reconciliation cycle and enters a backoff state. This causes legitimate ConfigMap updates to be reverted by subsequent reconciliations. The issue is in the drift detection logic which uses the last-applied-configuration annotation as the sole source of truth without considering external mutations.","architecture","Go","advanced","flux;gitops;drift-detection","FALSE","2/25/2024","17"
"442","rancher/rancher","Cluster provisioning stuck in updating state when cloud provider quota exceeded silently","Rancher cluster provisioning gets stuck in the updating state indefinitely when the underlying cloud provider returns a quota exceeded error during node group scaling. The error is not surfaced in the Rancher UI or logs beyond a generic timeout message. The cluster remains in updating state until manually deleted and recreated. The provisioning controller should detect quota exceeded errors from the cloud provider API and surface them as a clear user-facing error condition with actionable guidance. This affects EKS and GKE provisioners.","architecture;breaking change","Go","advanced","rancher;kubernetes;provisioning","TRUE","3/17/2024","20"
"443","crossplane/crossplane","Composition revision upgrade causes managed resource ownership conflict with external name annotation","Upgrading a Composition revision while managed resources are actively being reconciled causes an ownership conflict when the new revision changes the external-name annotation strategy. The managed resources created by the old revision are not correctly transferred to the new revision ownership causing the new revision reconciler to attempt to create duplicate resources in the cloud provider. This results in cloud provider API errors and stuck composite resources. The revision upgrade process needs a migration phase that transfers ownership before applying new annotation strategies.","architecture;breaking change","Go","advanced","crossplane;kubernetes;composition","TRUE","9/22/2024","18"
"444","karpenter-sh/karpenter","Node consolidation incorrectly evicts pods with local storage when storageClass allows migration","Karpenter node consolidation logic incorrectly evicts pods that use local storage PersistentVolumeClaims even when the StorageClass has a volumeBindingMode: WaitForFirstConsumer policy that permits migration to a new node. The consolidation eviction logic checks for local storage usage but does not consult the StorageClass binding mode to determine if the PVC can be rescheduled. This causes unnecessary eviction failures and prevents consolidation of nodes with migratable local storage workloads.","architecture;performance","Go","advanced","karpenter;kubernetes;storage","FALSE","10/19/2024","22"
"445","open-policy-agent/opa","Policy evaluation non-deterministic with concurrent partial evaluation cache writes","OPA exhibits non-deterministic policy evaluation results when partial evaluation is enabled and multiple concurrent requests write to the partial evaluation cache simultaneously. The cache write operation is not atomic and concurrent writes can result in a partially updated cache entry being read by a subsequent request. This produces incorrect authorization decisions that are not reproducible. We observed this in production under 5000 req/s load with partial evaluation enabled. The cache implementation in rego/eval.go requires a read-write mutex on cache entries.","security;architecture","Go","advanced","opa;policy;concurrency","TRUE","3/29/2024","27"
"446","falco-security/falco","Rule engine regex compilation blocks event processing under high syscall rate","The Falco rule engine recompiles regex patterns for each rule evaluation when a kernel event matches the rule syscall filter. Under a high syscall rate exceeding 100k events per second this causes the rule engine thread to spend the majority of its CPU time on regex compilation rather than event evaluation. The compiled regex patterns should be cached after first compilation and reused. The current architecture in engine/rule_engine.cpp constructs a new RE2 object for each event evaluation. This causes a 40% CPU overhead in our production environment.","performance","C++","advanced","falco;security;performance","TRUE","4/24/2024","15"
"447","pulsar/pulsar","Message deduplication false positives under producer restart with sequence ID reset","Apache Pulsar message deduplication mechanism produces false positives when a producer restarts and resets its sequence ID to 0. The broker incorrectly identifies the first message after restart as a duplicate of a historical message with the same producer name and sequence ID 0. This causes legitimate messages to be silently dropped. The deduplication store should include the producer epoch in the deduplication key to distinguish messages from different producer lifetimes. This is a data loss bug.","security;architecture","Java","advanced","pulsar;messaging;deduplication","FALSE","10/7/2024","23"
"448","yugabyte/yugabyte-db","Read restart error not correctly retried in implicit transaction for complex joins","YugabyteDB read restart error handling does not correctly retry implicit transactions that involve complex multi-table joins when the read restart is triggered midway through join execution. The retry logic restarts the transaction but does not correctly invalidate the partially computed join result leading to either incorrect results or a second read restart error that is surfaced to the client. This violates the serializable isolation guarantee. We observed this with 5-table star schema queries under high write concurrency.","architecture;security","C++","advanced","yugabyte;transactions;consistency","TRUE","11/2/2024","31"
"449","cilium/tetragon","Tracing policy drops events silently when ring buffer backpressure exceeds threshold","Tetragon tracing policy silently drops kernel events when the eBPF ring buffer experiences backpressure beyond a configurable threshold. The dropped events are not counted in any exported metric making it impossible for operators to determine if their tracing coverage is complete. The ring buffer drop counter in the kernel is not mapped to a Prometheus metric. This is a significant observability gap for security monitoring use cases where event completeness is critical. We need a tetragon_events_dropped_total metric labeled by policy and event type.","security;architecture","Go","advanced","tetragon;ebpf;observability","TRUE","5/8/2024","19"
"450","talos-systems/talos","Machine config apply fails silently for invalid network device selector with no matching interfaces","Applying a Talos machine configuration with a network device selector that matches no physical interfaces fails silently. The configuration is accepted and the machine appears healthy but the intended network configuration is never applied. The correct behavior should be to reject the configuration with a validation error listing the expected selectors and the available interfaces. This causes silent network misconfiguration that is only discovered when network connectivity fails. The validation logic in the config controller does not check device selector resolution at apply time.","architecture;breaking change","Go","advanced","talos;kubernetes;networking","FALSE","6/20/2024","14"
"451","vectorized-io/redpanda","Shadow indexing S3 upload stalls when AWS SDK connection pool is exhausted under burst writes","Redpanda shadow indexing feature stalls S3 segment uploads when the AWS SDK connection pool is exhausted during a write burst. The upload stall is not surfaced as an error and the segment upload queue grows unboundedly consuming heap memory until OOM. The S3 client should implement a bounded queue with backpressure signaling to the partition leadership. Currently the upload path in src/v/cloud_storage/remote.cc does not apply any admission control before enqueuing S3 operations.","performance;architecture","C++","advanced","redpanda;s3;storage","TRUE","12/4/2024","25"
"452","tikv/tikv","Raft log compaction races with snapshot generation causing follower log gap","TiKV Raft log compaction can race with snapshot generation on the leader causing a follower to receive a snapshot that refers to a log index that has already been compacted on the leader. The follower then has a log gap between its applied index and the snapshot included index which it cannot recover from without manual intervention. This is a data availability issue in clusters with slow followers. The fix requires coordinating log compaction with in-progress snapshot generation to ensure the snapshot covers all compacted log entries.","architecture;security","Rust","advanced","tikv;raft;distributed-systems","TRUE","1/10/2024","33"
"453","scylladb/scylladb","Materialized view update lag spikes during table repair due to view update queue starvation","ScyllaDB materialized view update lag spikes to several minutes during a table repair operation because the repair process and the view update queue compete for the same IO scheduler resources. The repair operation is given higher priority causing the view update queue to be starved for the duration of the repair. This causes queries on the materialized view to return stale data for the duration of the repair window. The IO scheduler should provide separate resource quotas for repair and view update operations.","performance;architecture","C++","advanced","scylladb;materialized-views;repair","TRUE","8/9/2024","28"
"454","questdb/questdb","Parallel SQL execution produces non-deterministic results for ORDER BY on floating point columns","QuestDB parallel SQL execution engine produces non-deterministic result ordering for ORDER BY queries on floating point columns when the sort key contains NaN values. The parallel merge sort does not define a stable total ordering for NaN values causing different orderings on different runs. This is a correctness issue for analytical queries that rely on deterministic output ordering. The SQL standard defines NaN ordering behavior and QuestDB implementation should conform to it consistently.","architecture","Java","advanced","questdb;sql;floating-point","TRUE","1/17/2024","21"
"455","strimzi/strimzi-kafka-operator","Kafka rolling update stalls when broker pod anti-affinity prevents scheduling on all nodes","The Strimzi Kafka operator stalls a rolling broker update indefinitely when the broker pod anti-affinity rules prevent the replacement pod from being scheduled on any available node in the cluster. The operator does not detect the unschedulable pod condition and simply waits for the pod to become ready. The update should fail fast with a clear error message when the replacement pod cannot be scheduled due to anti-affinity constraints. This has caused extended Kafka unavailability during cluster maintenance windows.","architecture;breaking change","Java","advanced","strimzi;kafka;kubernetes","FALSE","2/12/2024","19"
"456","cert-manager/cert-manager","Certificate renewal triggers unnecessary TLS connection disruption in high-traffic services","cert-manager certificate renewal process triggers an unnecessary rotation of the Kubernetes Secret containing the TLS certificate and private key even when the new certificate has the same key pair. This causes a brief TLS connection disruption in services that watch the Secret for updates because they reload their TLS configuration on any Secret change. cert-manager should only rotate the Secret when the certificate content actually changes and should support issuing new certificates with the existing key pair when configured.","architecture;breaking change","Go","advanced","cert-manager;tls;kubernetes","TRUE","8/16/2024","26"
"457","gvisor-dev/gvisor","System call interception adds measurable latency for high-frequency futex operations","gVisor system call interception layer adds 15-20 microseconds of overhead per futex operation compared to native Linux execution. For applications that use futex heavily such as Go runtimes and Java virtual machines this overhead accumulates to a 30-40% overall application slowdown. The futex implementation in gVisor sentry should be optimized to reduce the context switch overhead for uncontested futex operations by implementing a fast path that avoids full kernel entry simulation for the common case.","performance;architecture","Go","advanced","gvisor;syscall;performance","FALSE","9/3/2024","32"
"458","solo-dev/chaos-toolkit","Network partition simulation leaves stale iptables rules after test completion","The chaos-toolkit network partition experiment leaves stale iptables rules in place when the experiment is terminated abnormally via SIGKILL or when the rollback phase encounters an error. These stale rules cause persistent network connectivity issues on the test host that persist across chaos experiment runs and require manual cleanup. The experiment rollback handler must be implemented as a registered cleanup handler that executes even on abnormal termination. The current implementation relies on a finally block that does not execute on SIGKILL.","security;architecture","Python","advanced","chaos-engineering;networking;cleanup","TRUE","2/4/2024","14"
"459","kedacore/keda","ScaledObject metric aggregation uses incorrect time window when multiple triggers are configured","KEDA ScaledObject metric aggregation uses the time window of the first trigger to aggregate metrics from all configured triggers when multiple triggers are present. This causes incorrect scaling decisions when different triggers have different cooldown periods. A ScaledObject with a Kafka trigger with 2-minute cooldown and a Prometheus trigger with 30-second cooldown will evaluate both triggers using the 2-minute window causing the Prometheus trigger to react too slowly to metric changes.","architecture;breaking change","Go","advanced","keda;autoscaling;kubernetes","TRUE","3/21/2024","22"
"460","siderolabs/omni","Machine allocation stuck in provisioning state when Talos version mismatch detected","Omni machine allocation process gets stuck in the provisioning state when a Talos version mismatch is detected between the cluster required version and the machine installed version. The version mismatch should trigger an upgrade workflow but instead the allocator waits indefinitely for a condition that can only be resolved by manual intervention. The error is logged at debug level and not surfaced in the Omni UI. A clear user-facing error and an automated upgrade trigger are needed for this case.","architecture","Go","advanced","omni;talos;provisioning","FALSE","8/23/2024","17"
"461","kubeflow/kubeflow","Pipeline run garbage collection incorrectly deletes runs belonging to different namespaces","The Kubeflow Pipelines run garbage collection process has a namespace isolation bug where it can delete pipeline runs from namespaces other than the one it is configured to manage. This occurs when the run name is the same across namespaces and the garbage collector uses name-based matching instead of namespace-qualified unique identifiers. This is a data loss bug with cross-tenant impact in multi-tenant Kubeflow deployments. The fix requires the garbage collector to use the full namespace/name qualified identifier for all run operations.","security;architecture","Python","advanced","kubeflow;pipelines;multi-tenancy","TRUE","9/18/2024","36"
"462","volcano-sh/volcano","Gang scheduling deadlock when multiple jobs compete for same resource quota simultaneously","Volcano gang scheduling implementation deadlocks when multiple jobs simultaneously compete for the same resource quota and each job minimum available pod count is greater than half the available quota slots. The scheduler attempts to allocate resources for all competing jobs simultaneously without a tie-breaking mechanism causing a circular wait where each job holds partial resources needed by the other. This results in all competing jobs being stuck in the Pending state indefinitely.","architecture;performance","Go","advanced","volcano;scheduling;kubernetes","TRUE","3/2/2024","24"
"463","nocalhost/nocalhost","Dev mode file sync corrupts binary files larger than 4MB during incremental sync","Nocalhost file synchronization in dev mode corrupts binary files larger than 4MB during incremental sync operations. The corruption is caused by the incremental sync algorithm splitting binary files at arbitrary byte boundaries without awareness of file format structure. Binary files that cross the 4MB chunk boundary have their content incorrectly reassembled on the remote container. The fix requires either a full-file sync for binary files detected by MIME type or a content-addressed chunking algorithm that preserves file integrity.","security;architecture","Go","advanced","nocalhost;dev-tools;file-sync","FALSE","4/5/2024","13"
"464","milvus-io/milvus","Segment compaction introduces vector index inconsistency under concurrent search","Milvus segment compaction introduces a brief period of vector index inconsistency when a compaction merges multiple segments while a concurrent search query is in flight. The search query may return results from the pre-compaction segment layout after the compaction has committed causing stale or missing vectors in the search results. The compaction commit protocol needs to coordinate with the search path using a segment generation counter to ensure searches see a consistent view of the segment layout before and after compaction.","architecture;performance","Go","advanced","milvus;vector-db;concurrency","TRUE","10/4/2024","28"
"465","databricks/mlflow","Model registry stage transition webhook fires duplicate events on transient DB failures","The MLflow model registry fires duplicate stage transition webhook events when the database experiences a transient failure during the transition commit. The webhook delivery is not idempotent and is triggered both on the initial attempt and on the retry after the transient failure is resolved. In production environments with unreliable database connections this causes downstream systems to receive duplicate model deployment triggers. The fix requires idempotency keys on webhook deliveries or deduplication at the delivery layer.","security;architecture","Python","advanced","mlflow;webhooks;model-registry","FALSE","11/6/2024","20"
"466","kuberay/kuberay","Ray cluster scaling blocked when autoscaler pod is evicted during scale-up operation","The KubeRay autoscaler pod being evicted during a scale-up operation leaves the Ray cluster in a partially scaled state from which it cannot recover automatically. The new autoscaler pod does not resume the in-progress scale-up operation and instead waits for the next autoscaler trigger. During this recovery window the Ray cluster has fewer nodes than needed causing job failures due to insufficient resources. The autoscaler should persist scale-up intent durably and resume in-progress operations on restart.","architecture;breaking change","Go","advanced","kuberay;autoscaling;ray","TRUE","5/23/2024","15"
"467","openkruise/kruise","CloneSet rolling update skips health check when pod readiness gate is not registered","OpenKruise CloneSet rolling updates skip the pod readiness gate health check when the readiness gate is configured but the corresponding readiness controller has not registered its condition type in the cluster. Instead of blocking the rollout and alerting the operator the CloneSet proceeds as if the readiness gate is satisfied. This can cause unhealthy pods to be treated as ready during rolling updates leading to brief traffic degradation. The CloneSet controller should validate readiness gate registration before starting a rolling update.","security;architecture","Go","advanced","openkruise;rollout;kubernetes","FALSE","6/28/2024","18"
"468","kubeadm/kubeadm","Certificate rotation fails silently for etcd peer certificates when etcd is external","kubeadm certs renew silently succeeds without actually rotating etcd peer certificates when etcd is configured as an external cluster. The command reports success but the external etcd peer certificates are not updated. The rotation code path checks for the presence of the etcd client certificate on the local node and exits early when not found without distinguishing between a managed and an external etcd configuration. This causes the external etcd peer certificates to expire without warning.","security;architecture","Go","advanced","kubeadm;etcd;certificates","FALSE","12/29/2024","29"
"469","chaos-mesh/chaos-mesh","PodChaos experiment continues after target pod is deleted and recreated with same name","A Chaos Mesh PodChaos experiment that targets a pod by name continues to inject faults into a newly created pod with the same name after the original target pod is deleted. The experiment target matching uses only the pod name without validating the pod UID which is unique across pod lifecycle events. This can cause unintended fault injection into a replacement production pod if the experiment was intended only for the original pod instance.","security;architecture","Go","advanced","chaos-mesh;kubernetes;fault-injection","FALSE","6/14/2024","16"
"470","pixie-io/pixie","eBPF probe attachment fails silently on kernel 6.6 due to BTF type ID mismatch","Pixie eBPF probes fail to attach silently on Linux kernel 6.6 due to a BTF type ID mismatch introduced by a kernel change in the internal representation of task_struct. The probes appear to load successfully but produce no data. The error is logged only at trace level making it invisible in standard deployments. The probe attachment should validate that the BTF type IDs match the expected structure layout after loading and surface a clear error when they do not.","security;architecture","C++","advanced","pixie;ebpf;kernel","FALSE","7/26/2024","21"
"471","django-auth-utils","Add docstring to user_serializer.py validate method","The validate_email function in serializers.py lacks proper documentation for custom validation rules. Please add a detailed docstring explaining the regex pattern used. This is a great task for someone new to Django Rest Framework.","documentation","Python","beginner","api","True","2023-07-15","3"
"472","react-dashboard","Update tooltip color in StatusBar component","The StatusBar component in src/components/StatusBar.tsx uses a hardcoded hex color #333 for tooltips. Change this to use the theme variable from styled-components.","good first issue","JavaScript","beginner","frontend","True","2023-08-22","1"
"473","vite-plugin-svg","Fix type definition for svg sprite generator","The generated d.ts file for the sprite module misses the export type for IconProps. Update the rollup plugin to include the correct TypeScript interface.","enhancement","TypeScript","intermediate","devtools","True","2023-06-10","5"
"474","fastapi-crud-template","Correct typo in README installation steps","The pip install command in the README.md is missing the -e flag for editable installs. Please correct the command block to match the setup.py configuration.","documentation","Python","beginner","cli","True","2023-09-05","0"
"475","express-middleware-auth","Add unit test for token expiration edge case","The test file test/middleware.test.js does not cover the scenario where the JWT expires exactly at the request time. Add a Jest test case using jest.useFakeTimers.","help wanted","JavaScript","beginner","testing","True","2023-10-11","2"
"476","nextjs-blog-starter","Refactor getStaticProps to use ISR correctly","The current implementation in pages/blog/[slug].ts revalidates too frequently. Modify the revalidate interval to 60 seconds and handle the fallback beta mode.","refactor","TypeScript","intermediate","web","True","2023-11-30","8"
"477","pytest-plugins","Update fixture scope in conftest.py","The database fixture in tests/conftest.py is set to function scope but should be session scoped to speed up test suite execution. Change the scope and verify no side effects.","easy","Python","beginner","testing","True","2023-06-25","4"
"478","webpack-config-opt","Resolve loader conflict for CSS modules","The css-loader configuration in webpack.config.js conflicts with postcss-loader when handling global styles. Adjust the enforce order to fix the build error.","bug","JavaScript","intermediate","devtools","True","2024-01-14","12"
"479","pydantic-settings","Add example for env_prefix usage in docs","The documentation for BaseSettings does not clearly show how to use env_prefix in a nested class structure. Add a code example to the advanced usage section.","documentation","Python","beginner","api","True","2024-02-20","1"
"480","angular-directive-pack","Fix memory leak in DestroyableDirective","The ngOnDestroy method in src/lib/destroyable.directive.ts does not unsubscribe from the subject observable. Implement a takeUntil pattern to prevent memory leaks.","bug","TypeScript","intermediate","frontend","False","2023-12-05","7"
"481","flask-rest-service","Change default port in app.run call","The main.py file hardcodes the port to 5000 which conflicts with other services. Change it to read from os.environ.get('PORT') with a default of 8080.","good first issue","Python","beginner","web","True","2024-03-10","0"
"482","jest-mock-utils","Create mock implementation for fetch API","The src/mocks/fetch.ts file is empty. Implement a mockFetch function that returns a resolved promise with a JSON body for testing network requests.","help wanted","JavaScript","beginner","testing","True","2024-04-05","3"
"483","sqlalchemy-migrations","Optimize index creation on large tables","The migration script versions/004_add_index.py creates indexes without concurrently flag. Update the Alembic op to use postgresql_concurrently=True for production safety.","performance","Python","intermediate","database","True","2024-05-18","9"
"484","vue-state-manager","Add TypeScript support for store actions","The store/actions.js file is plain JavaScript. Convert it to actions.ts and define interfaces for the payload and state to improve IDE autocomplete.","enhancement","TypeScript","intermediate","frontend","True","2024-06-22","6"
"485","celery-task-queue","Fix retry logic in send_email task","The tasks.py send_email function retries indefinitely on SMTP errors. Add a max_retries limit and exponential backoff using the celery retry mechanism.","bug","Python","intermediate","automation","True","2024-07-01","11"
"486","node-cli-tool","Update commander.js to latest version","The package.json relies on an old version of commander which has a security vulnerability. Upgrade to version 12 and fix any breaking API changes in bin/cli.js.","enhancement","JavaScript","intermediate","cli","True","2024-08-15","4"
"487","pandas-data-cleaner","Add example notebook for missing value imputation","There is no example showing how to use the impute_column function. Create a Jupyter notebook in the examples folder demonstrating usage on a sample CSV.","documentation","Python","beginner","devtools","True","2024-09-03","2"
"488","typescipt-eslint-rules","Fix false positive in no-unused-vars rule","The rule implementation in src/rules/no-unused-vars.ts flags variables used in template strings incorrectly. Adjust the AST visitor to handle TaggedTemplateExpression.","bug","TypeScript","intermediate","devtools","True","2024-10-12","15"
"489","aiohttp-proxy","Handle timeout exceptions in proxy middleware","The middleware.py file does not catch asyncio.TimeoutError during upstream requests. Add a try-except block to return a 504 Gateway Timeout response.","enhancement","Python","intermediate","web","True","2024-11-05","5"
"490","react-component-lib","Standardize button variant props","The Button component accepts a variant prop but does not validate it against a union type. Update the PropTypes or TypeScript interface to restrict values to 'primary' | 'secondary'.","refactor","JavaScript","intermediate","frontend","False","2023-06-30","8"
"491","numpy-extensions","Add docstring to matrix_multiply wrapper","The function in extensions/linalg.py lacks argument descriptions. Document the shape requirements for input arrays A and B in the numpy docstring format.","documentation","Python","beginner","devtools","True","2023-07-28","1"
"492","express-middleware-auth","Fix CORS headers in options handler","The cors.middleware.js file fails to set Access-Control-Allow-Methods for OPTIONS requests. Update the header logic to include PUT and DELETE verbs.","bug","JavaScript","intermediate","api","True","2023-08-14","6"
"493","vite-plugin-utils","Support custom file extensions in import plugin","The plugin currently only handles .vue files. Modify the resolveId hook in src/plugin.ts to also resolve .mdx files for documentation sites.","enhancement","TypeScript","intermediate","devtools","True","2023-09-20","3"
"494","django-auth-utils","Update password validator error messages","The validators.py file uses generic error messages. Update them to specify minimum length and special character requirements for better UX.","easy","Python","beginner","web","True","2023-10-05","0"
"495","nextjs-blog-starter","Fix image optimization warning in build","The build process throws a warning about unoptimized images in the posts folder. Configure next.config.js to include the remote pattern for the CMS.","bug","JavaScript","intermediate","frontend","True","2023-11-11","4"
"496","pydantic-settings","Add validation for email field type","The Settings class does not validate if the ADMIN_EMAIL field is a valid email format. Use the pydantic EmailStr type hint to enforce validation.","enhancement","Python","intermediate","api","True","2023-12-19","7"
"497","angular-directive-pack","Create unit test for ToggleDirective","The file toggle.directive.spec.ts is missing. Write tests to verify the class toggling behavior when the input property changes.","help wanted","TypeScript","beginner","testing","True","2024-01-25","2"
"498","flask-rest-service","Remove hardcoded secret key in config","The config.py file contains a hardcoded SECRET_KEY. Move this to an environment variable and update the documentation to reflect the change.","good first issue","Python","beginner","security","True","2024-02-14","5"
"499","webpack-config-opt","Enable tree shaking for production builds","The optimization configuration in webpack.config.js disables sideEffects. Set sideEffects to false in package.json and update webpack to remove unused exports.","performance","JavaScript","intermediate","devtools","True","2024-03-30","10"
"500","jest-mock-utils","Fix mock reset between test suites","The mocks are not resetting automatically between describe blocks. Add afterEach hook in setupTests.js to call jest.resetAllMocks() globally.","bug","JavaScript","intermediate","testing","False","2024-04-18","9"
"501","sqlalchemy-migrations","Add comment to migration revision head","The migration file lacks a comment explaining the schema change. Add a docstring at the top of the file describing the added column and reason.","documentation","Python","beginner","database","True","2024-05-09","1"
"502","vue-state-manager","Update Vuex store to use Pinia","The project is migrating from Vuex to Pinia. Refactor the store/index.js file to use the createStore pattern from pinia library.","refactor","JavaScript","intermediate","frontend","True","2024-06-15","13"
"503","celery-task-queue","Add logging to task startup","The worker logs do not show which task is starting. Add a logger.info call at the beginning of the task function in tasks.py to include task_id.","enhancement","Python","beginner","automation","True","2024-07-22","3"
"504","node-cli-tool","Handle SIGINT signal gracefully","The CLI tool does not clean up temp files when interrupted. Add a process.on('SIGINT') listener in bin/cli.js to remove temporary directories.","bug","JavaScript","intermediate","cli","True","2024-08-05","6"
"505","pandas-data-cleaner","Fix dtype warning in read_csv wrapper","The function throws a DtypeWarning when mixed types are found. Add the low_memory=False parameter to the pandas read_csv call inside the wrapper.","bug","Python","intermediate","devtools","True","2024-09-12","4"
"506","typescipt-eslint-rules","Add configuration option for rule severity","Users want to configure the rule as warning instead of error. Update the schema in src/config.ts to accept 'warn' | 'error' and apply it in the create function.","enhancement","TypeScript","intermediate","devtools","True","2024-10-28","8"
"507","aiohttp-proxy","Update dependency aiohttp to v3.9","The current version has a known vulnerability. Upgrade aiohttp in requirements.txt and fix the deprecated ClientSession usage in proxy.py.","enhancement","Python","intermediate","web","True","2024-11-15","5"
"508","react-component-lib","Add accessibility aria-label to Icon component","The Icon component renders an SVG without aria-label. Add a prop to pass the label and apply it to the SVG element for screen readers.","good first issue","JavaScript","beginner","frontend","True","2024-12-01","2"
"509","numpy-extensions","Fix import error in init.py","The init.py file imports from a module that does not exist yet. Remove the broken import line to allow the package to install without errors.","bug","Python","beginner","devtools","False","2023-06-15","3"
"510","express-middleware-auth","Add rate limiting to login endpoint","The auth routes do not have rate limiting. Implement express-rate-limit middleware in routes/auth.js to prevent brute force attacks.","enhancement","JavaScript","intermediate","api","True","2023-07-10","7"
"511","vite-plugin-utils","Fix sourcemap generation for plugins","The generated sourcemaps are incorrect for transformed code. Update the transform hook in src/plugin.ts to return the map property correctly.","bug","TypeScript","intermediate","devtools","True","2023-08-05","11"
"512","django-auth-utils","Create migration for new user profile field","Add a migration to include the phone_number field in the UserProfile model. Ensure the field is nullable to avoid breaking existing deployments.","help wanted","Python","beginner","database","True","2023-09-18","4"
"513","nextjs-blog-starter","Optimize font loading in layout.tsx","The fonts are loading render-blocking. Use next/font/google to optimize the Inter font loading strategy in the root layout.","performance","JavaScript","intermediate","frontend","True","2023-10-25","6"
"514","pydantic-settings","Support dotenv file loading explicitly","The settings do not load from .env file by default. Update the Config class to set env_file='.env' explicitly in the base settings module.","enhancement","Python","beginner","cli","True","2023-11-30","2"
"515","angular-directive-pack","Fix template parsing error in IE11","The directive uses ES6 features not supported in IE11. Update the tsconfig.json target to ES5 and add necessary polyfills for the directive.","bug","TypeScript","intermediate","frontend","False","2023-12-12","9"
"516","flask-rest-service","Add health check endpoint","Create a new route /health in app.py that returns 200 OK. This is needed for Kubernetes liveness probes.","good first issue","Python","beginner","web","True","2024-01-08","1"
"517","webpack-config-opt","Split vendor chunks for better caching","The bundle.js is too large. Configure optimization.splitChunks in webpack.config.js to separate node_modules into a vendor chunk.","performance","JavaScript","intermediate","devtools","True","2024-02-22","8"
"518","jest-mock-utils","Add TypeScript definitions for mock helpers","The helper functions are untyped. Create a index.d.ts file to export types for the mock generators used in the test suite.","enhancement","JavaScript","intermediate","testing","True","2024-03-15","5"
"519","sqlalchemy-migrations","Downgrade script fails on foreign key constraint","The downgrade function in versions/005_.py drops a table with FK references. Add code to drop constraints before dropping the table.","bug","Python","intermediate","database","True","2024-04-20","10"
"520","vue-state-manager","Fix reactivity loss in nested objects","The state updates are not triggering re-render for nested properties. Use Vue.set or spread operator in the mutation to ensure reactivity.","bug","JavaScript","intermediate","frontend","True","2024-05-25","7"
"521","celery-task-queue","Configure Redis connection pool size","The default pool size is too small for high load. Update the celery config to set broker_pool_limit to 10 in celeryconfig.py.","enhancement","Python","intermediate","automation","True","2024-06-30","4"
"522","node-cli-tool","Add version flag to CLI","Users cannot check the tool version easily. Add a -v or --version flag in bin/cli.js that prints the version from package.json.","easy","JavaScript","beginner","cli","True","2024-07-15","0"
"524","typescipt-eslint-rules","Fix crash on empty source file","The rule crashes when visiting an empty AST. Add a check in the visitor function to return early if the body array is empty.","bug","TypeScript","intermediate","devtools","True","2024-09-10","12"
"525","aiohttp-proxy","Add support for WebSocket upgrades","The proxy fails to handle Upgrade: websocket headers. Implement logic in middleware.py to pass through WebSocket connections without modification.","enhancement","Python","intermediate","web","True","2024-10-05","9"
"526","react-component-lib","Update PropTypes for Card component","The Card component accepts a children prop but it is not marked as required. Update the PropTypes definition to enforce children presence.","documentation","JavaScript","beginner","frontend","True","2024-11-20","3"
"527","numpy-extensions","Add unit test for linalg module","The linalg module has no tests. Create test_linalg.py and add a test case for the matrix_multiply function using known input/output pairs.","help wanted","Python","beginner","testing","True","2024-12-15","2"
"528","express-middleware-auth","Refactor token extraction logic","The token extraction is duplicated in three middleware files. Create a utility function in utils/token.js and import it where needed.","refactor","JavaScript","intermediate","api","True","2023-06-20","5"
"529","vite-plugin-utils","Support environment variables in plugin","The plugin hardcodes the API URL. Update the plugin options in src/plugin.ts to accept an apiUrl parameter from vite.config.ts.","enhancement","TypeScript","intermediate","devtools","True","2023-07-05","7"
"530","django-auth-utils","Fix test failure in user creation test","The test_create_user test fails due to timezone awareness. Update the test case in tests/test_models.py to use timezone.now() instead of datetime.now()","bug","Python","intermediate","testing","False","2023-08-12","8"
"531","nextjs-blog-starter","Add sitemap.xml generation","The site lacks a sitemap for SEO. Create a pages/sitemap.xml.tsx file that generates a sitemap based on the blog posts data.","enhancement","JavaScript","intermediate","web","True","2023-09-25","6"
"532","pydantic-settings","Validate field length constraints","The PASSWORD field has no length constraint. Add a Field validator with min_length=8 in the settings class definition.","enhancement","Python","beginner","api","True","2023-10-30","4"
"533","angular-directive-pack","Add input validation for mask directive","The mask directive accepts any string. Add a validator to ensure the mask pattern only contains valid placeholders like A or 0.","bug","TypeScript","intermediate","frontend","True","2023-11-15","10"
"534","flask-rest-service","Enable debug mode only in development","The app runs in debug mode in production. Update the run script to check FLASK_ENV variable before setting debug=True.","bug","Python","beginner","web","True","2023-12-20","3"
"535","webpack-config-opt","Fix path resolution for assets","The assets are not loading due to incorrect publicPath. Set output.publicPath to '/' in webpack.config.js to fix the 404 errors.","bug","JavaScript","intermediate","devtools","True","2024-01-10","5"
"536","jest-mock-utils","Mock window.location in test environment","Tests fail because window.location is read-only. Add a setup file to mock window.location.href using Object.defineProperty.","help wanted","JavaScript","beginner","testing","True","2024-02-05","2"
"537","sqlalchemy-migrations","Add index to frequently queried column","The user_email column is queried often but not indexed. Create a new migration to add an index on this column for performance.","performance","Python","intermediate","database","True","2024-03-12","7"
"538","vue-state-manager","Implement persistent state plugin","The state resets on page refresh. Create a plugin that saves the store to localStorage and hydrates it on initialization.","enhancement","JavaScript","intermediate","frontend","True","2024-04-25","9"
"539","celery-task-queue","Fix task serialization error","The task arguments include a datetime object which fails serialization. Convert datetime to ISO string before passing to the task in views.py.","bug","Python","intermediate","automation","True","2024-05-30","6"
"540","node-cli-tool","Add progress bar for long operations","The CLI hangs during large file processing. Integrate the cli-progress package in bin/cli.js to show a progress bar.","enhancement","JavaScript","intermediate","cli","True","2024-06-18","4"
"541","pandas-data-cleaner","Handle encoding errors in file read","The loader crashes on non-UTF8 files. Add errors='ignore' parameter to the open function in the data loader module.","bug","Python","beginner","devtools","True","2024-07-25","3"
"542","typescipt-eslint-rules","Support JSX files in rule visitor","The rule does not visit JSX elements. Update the AST selector in src/rule.ts to include JSXElement nodes.","enhancement","TypeScript","intermediate","devtools","True","2024-08-10","8"
"543","aiohttp-proxy","Log request duration for monitoring","Add timing logic to middleware.py to log the duration of each proxied request using time.time().","good first issue","Python","beginner","web","True","2024-09-22","1"
"544","react-component-lib","Fix z-index issue in Modal component","The Modal appears behind the navbar. Increase the z-index style in Modal.css to 1000 to ensure it overlays correctly.","bug","JavaScript","beginner","frontend","False","2024-10-15","5"
"545","numpy-extensions","Update setup.py for Python 3.12","The setup.py uses deprecated distutils. Migrate to setuptools and update the classifiers to include Python 3.12.","enhancement","Python","intermediate","devtools","True","2024-11-28","7"
"547","vite-plugin-utils","Fix build error on Windows paths","The plugin fails to resolve paths with backslashes. Use path.normalize in src/plugin.ts to handle Windows file paths correctly.","bug","TypeScript","intermediate","devtools","True","2023-06-05","9"
"548","django-auth-utils","Add signal for user profile creation","Create a signal to automatically create a UserProfile when a User is saved. Connect the signal in apps.py using post_save.","help wanted","Python","beginner","database","True","2023-07-18","4"
"549","nextjs-blog-starter","Fix hydration mismatch in date component","The server renders a different date format than the client. Ensure the date formatting function uses the same locale on both sides.","bug","JavaScript","intermediate","frontend","True","2023-08-29","6"
"550","pydantic-settings","Add example for nested settings class","The docs lack an example for nested settings. Add a code snippet showing how to define a DatabaseSettings class within MainSettings.","documentation","Python","beginner","api","True","2023-09-14","1"
"551","angular-directive-pack","Optimize change detection in directive","The directive triggers change detection too often. Use ChangeDetectionStrategy.OnPush in the component using the directive.","performance","TypeScript","intermediate","frontend","True","2023-10-20","8"
"552","flask-rest-service","Add request logging middleware","Implement a middleware function in app.py to log the method and path of every incoming request before processing.","enhancement","Python","beginner","web","True","2023-11-25","3"
"553","webpack-config-opt","Minify CSS in production build","The CSS is not minified in production. Enable the CssMinimizerPlugin in webpack.config.js for the production configuration.","performance","JavaScript","intermediate","devtools","True","2023-12-30","5"
"554","jest-mock-utils","Create mock for localStorage API","Tests fail because localStorage is undefined in Node. Add a mock implementation for localStorage in the jest setup file.","help wanted","JavaScript","beginner","testing","True","2024-01-15","2"
"555","sqlalchemy-migrations","Fix column type mismatch in migration","The migration defines the column as String but the DB expects Text. Update the column type in versions/006_.py to Text.","bug","Python","intermediate","database","False","2024-02-28","11"
"556","vue-state-manager","Add getter for computed user data","The user data is accessed directly in components. Create a getter in the store that returns the filtered user list.","enhancement","JavaScript","beginner","frontend","True","2024-03-22","4"
"557","celery-task-queue","Add retry delay configuration","The retry delay is hardcoded. Add a CELERY_RETRY_DELAY setting in celeryconfig.py and use it in the task retry call.","enhancement","Python","intermediate","automation","True","2024-04-10","6"
"558","node-cli-tool","Fix argument parsing for flags","The CLI fails when multiple flags are passed. Update the argument parser in bin/cli.js to handle multiple boolean flags correctly.","bug","JavaScript","intermediate","cli","True","2024-05-15","7"
"559","pandas-data-cleaner","Add function to drop duplicate rows","Implement a drop_duplicates wrapper in cleaner.py that calls the pandas method with subset parameter.","good first issue","Python","beginner","devtools","True","2024-06-20","1"
"560","typescipt-eslint-rules","Add fixer for auto-correction","The rule reports errors but does not fix them. Implement the fixer function in src/rule.ts to automatically rename the variable.","enhancement","TypeScript","intermediate","devtools","True","2024-07-05","9"
"561","aiohttp-proxy","Handle 503 errors from upstream","The proxy returns 500 when upstream is unavailable. Update the error handler in middleware.py to return 503 if the upstream status is 503.","bug","Python","intermediate","web","True","2024-08-18","5"
"562","react-component-lib","Add storybook story for Button states","There is no story for the disabled state. Add a new story in Button.stories.js that renders the Button with disabled prop.","documentation","JavaScript","beginner","frontend","True","2024-09-30","3"
"563","numpy-extensions","Fix division by zero warning","The normalization function triggers a warning when sum is zero. Add a check to return zeros if the denominator is zero in linalg.py.","bug","Python","intermediate","devtools","True","2024-10-22","8"
"564","express-middleware-auth","Update JWT library to latest version","The jsonwebtoken library is outdated. Upgrade the package and update the sign/verify calls in auth.service.js to match new API.","enhancement","JavaScript","intermediate","api","True","2024-11-12","6"
"565","vite-plugin-utils","Add watch mode for development","The plugin does not rebuild on file changes. Implement the handleHotUpdate hook in src/plugin.ts to trigger rebuilds.","enhancement","TypeScript","intermediate","devtools","True","2024-12-05","4"
"566","django-auth-utils","Fix email case sensitivity in lookup","User login fails if email case differs. Update the query in views.py to use email__iexact for case-insensitive lookup.","bug","Python","intermediate","web","False","2023-06-28","10"
"567","nextjs-blog-starter","Add RSS feed for blog posts","Generate an RSS feed at /feed.xml. Create a pages/api/feed.ts route that maps posts to RSS XML format.","enhancement","JavaScript","intermediate","web","True","2023-07-22","7"
"568","pydantic-settings","Support list type environment variables","The ALLOWED_HOSTS field should be a list. Use the parse_env_var method to split the comma-separated string into a list.","enhancement","Python","beginner","api","True","2023-08-15","2"
"569","angular-directive-pack","Fix AOT compilation error in library","The library fails AOT compilation due to metadata. Update the ng-package.json to include the correct entry file path.","bug","TypeScript","intermediate","devtools","True","2023-09-08","5"
"570","flask-rest-service","Add CORS support for frontend domain","The API rejects requests from the frontend. Add flask-cors extension to app.py and configure the origins allowed.","good first issue","Python","beginner","web","True","2023-10-01","3"
