issue_id,repo_name,issue_title,issue_body,labels,language,difficulty,topics,is_open,created_at,comments_count,combined_text,combined_text_clean,difficulty_score
1,flask-blog-starter,Fix typo in README setup section,The setup instructions mention a wrong command for installing dependencies. This confuses new users trying to run the project. Update the command to the correct one.,documentation,Python,beginner,web,True,2024-02-11,2,Fix typo in README setup section The setup instructions mention a wrong command for installing dependencies. This confuses new users trying to run the project. Update the command to the correct one. documentation Python web,fix typo readm setup section setup instruct mention wrong command instal depend confus new user tri run project updat command correct one document python web,1
2,pandas-utils,Add missing null check in CSV loader,The CSV loader crashes when encountering empty rows. A simple null check should prevent this issue. Add validation before processing rows.,bug,Python,beginner,database,True,2024-03-05,1,Add missing null check in CSV loader The CSV loader crashes when encountering empty rows. A simple null check should prevent this issue. Add validation before processing rows. bug Python database,add miss null check csv loader csv loader crash encount empti row simpl null check prevent issu add valid process row bug python databas,1
3,cli-task-runner,Improve help command output formatting,The help output is hard to read because of poor spacing. Adjust formatting to make it more user friendly. Align command descriptions.,good first issue,Python,beginner,cli,True,2024-04-10,3,Improve help command output formatting The help output is hard to read because of poor spacing. Adjust formatting to make it more user friendly. Align command descriptions. good first issue Python cli,improv help command output format help output hard read poor space adjust format make user friendli align command descript good first issu python cli,1
4,ml-basics,Update outdated sklearn import,The import statement uses a deprecated sklearn module. Update it to the latest recommended version. This will prevent warnings during execution.,easy,Python,beginner,ml,True,2024-05-22,0,Update outdated sklearn import The import statement uses a deprecated sklearn module. Update it to the latest recommended version. This will prevent warnings during execution. easy Python ml,updat outdat sklearn import import statement use deprec sklearn modul updat latest recommend version prevent warn execut easi python ml,1
5,flask-blog-starter,Add error handling for missing config file,The app crashes if config.json is missing. Add a fallback or clear error message. This will improve usability.,help wanted,Python,beginner,web,True,2024-06-18,4,Add error handling for missing config file The app crashes if config.json is missing. Add a fallback or clear error message. This will improve usability. help wanted Python web,add error handl miss config file app crash config json miss add fallback clear error messag improv usabl help want python web,1
6,api-helper,Fix incorrect API endpoint URL,The API endpoint in the code is outdated. Replace it with the correct version. This currently causes failed requests.,bug,Python,beginner,api,True,2024-01-29,2,Fix incorrect API endpoint URL The API endpoint in the code is outdated. Replace it with the correct version. This currently causes failed requests. bug Python api,fix incorrect api endpoint url api endpoint code outdat replac correct version current caus fail request bug python api,1
7,testing-tools,Add basic unit test example,There are no sample tests for new contributors. Add a simple test file to demonstrate usage. This helps beginners understand testing setup.,documentation,Python,beginner,testing,True,2024-03-14,1,Add basic unit test example There are no sample tests for new contributors. Add a simple test file to demonstrate usage. This helps beginners understand testing setup. documentation Python testing,add basic unit test exampl sampl test new contributor add simpl test file demonstr usag help beginn understand test setup document python test,1
8,automation-scripts,Fix script path issue on Windows,The script fails on Windows due to incorrect path separators. Update code to handle cross platform paths. This will improve compatibility.,bug,Python,beginner,automation,True,2024-04-02,5,Fix script path issue on Windows The script fails on Windows due to incorrect path separators. Update code to handle cross platform paths. This will improve compatibility. bug Python automation,fix script path issu window script fail window due incorrect path separ updat code handl cross platform path improv compat bug python autom,1
9,db-manager,Add missing commit after insert,Database inserts are not persisted due to missing commit. Add commit statement after insert operation. This fixes data loss issue.,bug,Python,beginner,database,True,2024-02-20,0,Add missing commit after insert Database inserts are not persisted due to missing commit. Add commit statement after insert operation. This fixes data loss issue. bug Python database,add miss commit insert databas insert persist due miss commit add commit statement insert oper fix data loss issu bug python databas,1
10,cli-task-runner,Add example usage in README,README lacks usage examples for commands. Add simple examples to guide new users. This improves onboarding.,documentation,Python,beginner,cli,True,2024-05-11,2,Add example usage in README README lacks usage examples for commands. Add simple examples to guide new users. This improves onboarding. documentation Python cli,add exampl usag readm readm lack usag exampl command add simpl exampl guid new user improv onboard document python cli,1
11,flask-blog-starter,Fix broken link in footer,The footer contains a broken link to documentation. Update it to the correct URL. This improves navigation.,easy,Python,beginner,web,True,2024-03-07,1,Fix broken link in footer The footer contains a broken link to documentation. Update it to the correct URL. This improves navigation. easy Python web,fix broken link footer footer contain broken link document updat correct url improv navig easi python web,1
12,pandas-utils,Optimize loop using vectorization,A loop can be replaced with pandas vectorized operation. This will improve performance. Update implementation accordingly.,help wanted,Python,beginner,database,True,2024-06-01,3,Optimize loop using vectorization A loop can be replaced with pandas vectorized operation. This will improve performance. Update implementation accordingly. help wanted Python database,optim loop use vector loop replac panda vector oper improv perform updat implement accordingli help want python databas,1
13,api-helper,Handle timeout exception properly,The code does not handle timeout errors. Add try except block for requests timeout. This prevents crashes.,bug,Python,beginner,api,True,2024-02-28,4,Handle timeout exception properly The code does not handle timeout errors. Add try except block for requests timeout. This prevents crashes. bug Python api,handl timeout except properli code handl timeout error add tri except block request timeout prevent crash bug python api,1
14,ml-basics,Add comments explaining model training,The training script lacks comments. Add explanations for each step. This helps beginners understand ML flow.,documentation,Python,beginner,ml,True,2024-04-15,0,Add comments explaining model training The training script lacks comments. Add explanations for each step. This helps beginners understand ML flow. documentation Python ml,add comment explain model train train script lack comment add explan step help beginn understand ml flow document python ml,1
15,testing-tools,Fix assertion error in sample test,The sample test fails due to incorrect expected value. Update expected output. This ensures tests pass correctly.,bug,Python,beginner,testing,True,2024-01-19,6,Fix assertion error in sample test The sample test fails due to incorrect expected value. Update expected output. This ensures tests pass correctly. bug Python testing,fix assert error sampl test sampl test fail due incorrect expect valu updat expect output ensur test pass correctli bug python test,1
16,automation-scripts,Add logging to backup script,The backup script does not log actions. Add basic logging statements. This helps debugging.,good first issue,Python,beginner,automation,True,2024-05-09,2,Add logging to backup script The backup script does not log actions. Add basic logging statements. This helps debugging. good first issue Python automation,add log backup script backup script log action add basic log statement help debug good first issu python autom,1
17,db-manager,Fix typo in SQL query,There is a typo in the SELECT query. Correct the column name. This currently causes query failure.,bug,Python,beginner,database,True,2024-03-01,1,Fix typo in SQL query There is a typo in the SELECT query. Correct the column name. This currently causes query failure. bug Python database,fix typo sql queri typo select queri correct column name current caus queri failur bug python databas,1
18,cli-task-runner,Add default value for argument,The CLI argument crashes when not provided. Add a default value. This improves usability.,easy,Python,beginner,cli,True,2024-02-13,0,Add default value for argument The CLI argument crashes when not provided. Add a default value. This improves usability. easy Python cli,add default valu argument cli argument crash provid add default valu improv usabl easi python cli,1
19,flask-blog-starter,Improve error page design,The error page is plain and unclear. Improve layout and message clarity. This enhances user experience.,help wanted,Python,beginner,web,True,2024-04-28,3,Improve error page design The error page is plain and unclear. Improve layout and message clarity. This enhances user experience. help wanted Python web,improv error page design error page plain unclear improv layout messag clariti enhanc user experi help want python web,1
20,pandas-utils,Add docstring to utility function,The function lacks proper documentation. Add a clear docstring. This helps maintainability.,documentation,Python,beginner,database,True,2024-06-10,1,Add docstring to utility function The function lacks proper documentation. Add a clear docstring. This helps maintainability. documentation Python database,add docstr util function function lack proper document add clear docstr help maintain document python databas,1
21,api-helper,Fix JSON parsing issue,The response parsing fails for invalid JSON. Add validation before parsing. This prevents runtime errors.,bug,Python,beginner,api,True,2024-03-22,2,Fix JSON parsing issue The response parsing fails for invalid JSON. Add validation before parsing. This prevents runtime errors. bug Python api,fix json pars issu respons pars fail invalid json add valid pars prevent runtim error bug python api,1
22,ml-basics,Add requirements.txt file,The project does not include dependency list. Add requirements.txt with needed libraries. This helps setup.,good first issue,Python,beginner,ml,True,2024-02-05,0,Add requirements.txt file The project does not include dependency list. Add requirements.txt with needed libraries. This helps setup. good first issue Python ml,add requir txt file project includ depend list add requir txt need librari help setup good first issu python ml,1
23,testing-tools,Update pytest version in config,The pytest version is outdated. Update it to latest stable version. This avoids compatibility issues.,easy,Python,beginner,testing,True,2024-05-17,1,Update pytest version in config The pytest version is outdated. Update it to latest stable version. This avoids compatibility issues. easy Python testing,updat pytest version config pytest version outdat updat latest stabl version avoid compat issu easi python test,1
24,automation-scripts,Fix cron schedule example,The cron example is incorrect. Update it to valid syntax. This ensures proper scheduling.,bug,Python,beginner,automation,True,2024-04-12,3,Fix cron schedule example The cron example is incorrect. Update it to valid syntax. This ensures proper scheduling. bug Python automation,fix cron schedul exampl cron exampl incorrect updat valid syntax ensur proper schedul bug python autom,1
25,db-manager,Add index to improve query speed,Queries are slow without indexing. Add index to relevant column. This improves performance.,help wanted,Python,beginner,database,True,2024-01-27,4,Add index to improve query speed Queries are slow without indexing. Add index to relevant column. This improves performance. help wanted Python database,add index improv queri speed queri slow without index add index relev column improv perform help want python databas,1
26,cli-task-runner,Fix command not found error,Some commands are not registered properly. Update command registration logic. This resolves missing commands.,bug,Python,beginner,cli,True,2024-03-18,2,Fix command not found error Some commands are not registered properly. Update command registration logic. This resolves missing commands. bug Python cli,fix command found error command regist properli updat command registr logic resolv miss command bug python cli,1
27,flask-blog-starter,Add favicon to project,The app does not include a favicon. Add a default favicon. This improves appearance.,good first issue,Python,beginner,web,True,2024-02-09,0,Add favicon to project The app does not include a favicon. Add a default favicon. This improves appearance. good first issue Python web,add favicon project app includ favicon add default favicon improv appear good first issu python web,1
28,pandas-utils,Handle empty dataframe case,The function fails on empty dataframe. Add condition to handle this case. This avoids crashes.,bug,Python,beginner,database,True,2024-05-25,1,Handle empty dataframe case The function fails on empty dataframe. Add condition to handle this case. This avoids crashes. bug Python database,handl empti datafram case function fail empti datafram add condit handl case avoid crash bug python databas,1
29,api-helper,Add retry logic for failed requests,The API calls fail without retry. Implement simple retry mechanism. This improves reliability.,help wanted,Python,beginner,api,True,2024-06-12,5,Add retry logic for failed requests The API calls fail without retry. Implement simple retry mechanism. This improves reliability. help wanted Python api,add retri logic fail request api call fail without retri implement simpl retri mechan improv reliabl help want python api,1
30,ml-basics,Fix incorrect label encoding,Labels are encoded incorrectly in training. Update encoding logic. This improves model accuracy.,bug,Python,beginner,ml,True,2024-01-30,3,Fix incorrect label encoding Labels are encoded incorrectly in training. Update encoding logic. This improves model accuracy. bug Python ml,fix incorrect label encod label encod incorrectli train updat encod logic improv model accuraci bug python ml,1
31,testing-tools,Add coverage report configuration,Test coverage is not measured. Add configuration for coverage tool. This improves testing insights.,documentation,Python,beginner,testing,True,2024-03-27,2,Add coverage report configuration Test coverage is not measured. Add configuration for coverage tool. This improves testing insights. documentation Python testing,add coverag report configur test coverag measur add configur coverag tool improv test insight document python test,1
32,automation-scripts,Fix file permission issue,Script fails due to permission errors. Update file handling logic. This ensures proper execution.,bug,Python,beginner,automation,True,2024-02-21,1,Fix file permission issue Script fails due to permission errors. Update file handling logic. This ensures proper execution. bug Python automation,fix file permiss issu script fail due permiss error updat file handl logic ensur proper execut bug python autom,1
33,db-manager,Add connection timeout setting,Database connection hangs indefinitely. Add timeout setting. This improves stability.,easy,Python,beginner,database,True,2024-04-05,0,Add connection timeout setting Database connection hangs indefinitely. Add timeout setting. This improves stability. easy Python database,add connect timeout set databas connect hang indefinit add timeout set improv stabil easi python databas,1
34,cli-task-runner,Improve error message clarity,Error messages are vague. Update them to be more descriptive. This helps debugging.,help wanted,Python,beginner,cli,True,2024-05-03,4,Improve error message clarity Error messages are vague. Update them to be more descriptive. This helps debugging. help wanted Python cli,improv error messag clariti error messag vagu updat descript help debug help want python cli,1
46,react-todo-app,Fix typo in README installation steps,The current README says npm isntall instead of npm install. This might confuse new users trying to set up the project. Please update the documentation section.,documentation,JavaScript,beginner,frontend,True,2024-03-12,2,Fix typo in README installation steps The current README says npm isntall instead of npm install. This might confuse new users trying to set up the project. Please update the documentation section. documentation JavaScript frontend,fix typo readm instal step current readm say npm isntal instead npm instal might confus new user tri set project pleas updat document section document javascript frontend,1
47,express-api-boilerplate,Add missing validation for user email,The registration endpoint does not check if the email string contains an @ symbol. We should add a simple regex check in the controller. This is a good entry-level task for backend practice.,bug,TypeScript,beginner,api,True,2024-05-20,4,Add missing validation for user email The registration endpoint does not check if the email string contains an @ symbol. We should add a simple regex check in the controller. This is a good entry-level task for backend practice. bug TypeScript api,add miss valid user email registr endpoint check email string contain symbol add simpl regex check control good entri level task backend practic bug typescript api,1
48,ts-cli-tool,Update help command output,The CLI output for the --help flag is missing the new version command. We need to append the version flag description to the console log. It should be a single line change in commands.ts.,enhancement,TypeScript,beginner,cli,True,2024-01-15,1,Update help command output The CLI output for the --help flag is missing the new version command. We need to append the version flag description to the console log. It should be a single line change in commands.ts. enhancement TypeScript cli,updat help command output cli output help flag miss new version command need append version flag descript consol log singl line chang command ts enhanc typescript cli,1
49,js-weather-dashboard,Change unit toggle button color,The toggle button for Celsius and Fahrenheit is currently gray and hard to see. It should be changed to a primary blue color for better visibility. Please update the CSS file in the components folder.,ui,JavaScript,beginner,frontend,True,2024-08-05,0,Change unit toggle button color The toggle button for Celsius and Fahrenheit is currently gray and hard to see. It should be changed to a primary blue color for better visibility. Please update the CSS file in the components folder. ui JavaScript frontend,chang unit toggl button color toggl button celsiu fahrenheit current gray hard see chang primari blue color better visibl pleas updat css file compon folder ui javascript frontend,1
51,discord-bot-ts,Add welcome message for new members,The bot should send a simple greeting when someone joins the server. Use the guildMemberAdd event to trigger a message in the general channel. This is perfect for learning event listeners.,enhancement,TypeScript,beginner,api,True,2025-01-10,3,Add welcome message for new members The bot should send a simple greeting when someone joins the server. Use the guildMemberAdd event to trigger a message in the general channel. This is perfect for learning event listeners. enhancement TypeScript api,add welcom messag new member bot send simpl greet someon join server use guildmemberadd event trigger messag gener channel perfect learn event listen enhanc typescript api,1
52,vue-shopping-cart,Fix broken image fallback,If a product image fails to load it shows a broken icon. We need to add an onError handler to the img tag to show a placeholder image instead. Look into the ProductCard.vue component.,bug,JavaScript,beginner,frontend;ui,True,2024-11-22,5,Fix broken image fallback If a product image fails to load it shows a broken icon. We need to add an onError handler to the img tag to show a placeholder image instead. Look into the ProductCard.vue component. bug JavaScript frontend;ui,fix broken imag fallback product imag fail load show broken icon need add onerror handler img tag show placehold imag instead look productcard vue compon bug javascript frontend ui,1
53,jest-test-suite,Add basic unit test for math utils,We are missing tests for the subtract and multiply functions in utils.js. Create a new test file and add simple assertions using Jest expect. This will help improve our code coverage.,testing,JavaScript,beginner,testing,True,2024-06-14,2,Add basic unit test for math utils We are missing tests for the subtract and multiply functions in utils.js. Create a new test file and add simple assertions using Jest expect. This will help improve our code coverage. testing JavaScript testing,add basic unit test math util miss test subtract multipli function util js creat new test file add simpl assert use jest expect help improv code coverag test javascript test,1
55,react-native-login,Center login button on small screens,The login button is shifted to the left on smaller device screens. We need to adjust the flexbox alignment in the styles object to center it properly. Test it on an emulated mobile device.,ui,TypeScript,beginner,mobile;ui,True,2025-05-18,6,Center login button on small screens The login button is shifted to the left on smaller device screens. We need to adjust the flexbox alignment in the styles object to center it properly. Test it on an emulated mobile device. ui TypeScript mobile;ui,center login button small screen login button shift left smaller devic screen need adjust flexbox align style object center properli test emul mobil devic ui typescript mobil ui,1
56,axios-wrapper-lib,Add error logging for 404 responses,When the API returns a 404 the console is currently silent. We should add a console.error statement inside the catch block to help developers debug. Only log the status code and message.,devtools,JavaScript,beginner,api,True,2024-09-09,4,Add error logging for 404 responses When the API returns a 404 the console is currently silent. We should add a console.error statement inside the catch block to help developers debug. Only log the status code and message. devtools JavaScript api,add error log 404 respons api return 404 consol current silent add consol error statement insid catch block help develop debug log statu code messag devtool javascript api,1
57,portfolio-site,Add hover effect to project cards,The project cards look static when the mouse moves over them. Adding a simple CSS scale transition or shadow would make the UI feel more interactive. Edit the styles.css file.,ui,JavaScript,beginner,frontend;ui,True,2024-12-01,0,Add hover effect to project cards The project cards look static when the mouse moves over them. Adding a simple CSS scale transition or shadow would make the UI feel more interactive. Edit the styles.css file. ui JavaScript frontend;ui,add hover effect project card project card look static mous move ad simpl css scale transit shadow would make ui feel interact edit style css file ui javascript frontend ui,1
58,typescript-math-lib,Implement IsEven helper function,We need a simple utility function that returns true if a number is even. The function should take a number as input and return a boolean. Make sure to export it from the main index.ts file.,enhancement,TypeScript,beginner,web,True,2024-07-25,2,Implement IsEven helper function We need a simple utility function that returns true if a number is even. The function should take a number as input and return a boolean. Make sure to export it from the main index.ts file. enhancement TypeScript web,implement iseven helper function need simpl util function return true number even function take number input return boolean make sure export main index ts file enhanc typescript web,1
59,express-middleware-log,Include timestamp in log output,The current logger only prints the method and URL. It would be helpful to include the current date and time in ISO format for each request. Modify the logger middleware function.,enhancement,JavaScript,beginner,api,True,2025-02-14,5,Include timestamp in log output The current logger only prints the method and URL. It would be helpful to include the current date and time in ISO format for each request. Modify the logger middleware function. enhancement JavaScript api,includ timestamp log output current logger print method url would help includ current date time iso format request modifi logger middlewar function enhanc javascript api,1
60,react-modal-lib,Fix z-index of overlay,The modal overlay is currently appearing behind the navigation bar on some pages. Increasing the z-index in the CSS module should resolve this layout issue. Verify the fix on the demo page.,bug,TypeScript,beginner,frontend;ui,True,2024-10-30,3,Fix z-index of overlay The modal overlay is currently appearing behind the navigation bar on some pages. Increasing the z-index in the CSS module should resolve this layout issue. Verify the fix on the demo page. bug TypeScript frontend;ui,fix z index overlay modal overlay current appear behind navig bar page increas z index css modul resolv layout issu verifi fix demo page bug typescript frontend ui,1
62,cli-task-manager,Add confirmation prompt before delete,The app currently deletes tasks immediately without asking. We should add a simple y/n prompt using the readline module to prevent accidental deletions. Look at the delete command logic.,enhancement,JavaScript,beginner,cli,True,2024-05-12,4,Add confirmation prompt before delete The app currently deletes tasks immediately without asking. We should add a simple y/n prompt using the readline module to prevent accidental deletions. Look at the delete command logic. enhancement JavaScript cli,add confirm prompt delet app current delet task immedi without ask add simpl n prompt use readlin modul prevent accident delet look delet command logic enhanc javascript cli,1
63,ts-utils-pack,Update contributing guide,The CONTRIBUTING.md file is outdated and mentions an old build command. Please update it to reflect the move from npm to pnpm. This is important for new contributors.,documentation,TypeScript,beginner,devtools,True,2025-04-05,1,Update contributing guide The CONTRIBUTING.md file is outdated and mentions an old build command. Please update it to reflect the move from npm to pnpm. This is important for new contributors. documentation TypeScript devtools,updat contribut guid contribut md file outdat mention old build command pleas updat reflect move npm pnpm import new contributor document typescript devtool,1
64,frontend-mentor-challenge,Fix mobile navigation toggle,The hamburger menu does not close when a link is clicked. We need to add an onClick handler to the menu links that sets the isOpen state to false. This affects the mobile view only.,bug,JavaScript,beginner,frontend;mobile,True,2024-06-28,9,Fix mobile navigation toggle The hamburger menu does not close when a link is clicked. We need to add an onClick handler to the menu links that sets the isOpen state to false. This affects the mobile view only. bug JavaScript frontend;mobile,fix mobil navig toggl hamburg menu close link click need add onclick handler menu link set isopen state fals affect mobil view bug javascript frontend mobil,1
65,node-cron-jobs,Fix typo in log message,"The success message for the daily backup job says ""Back up completed"" instead of ""Backup completed"". Search for the string in the cron job controller. It is a one-word change.",bug,JavaScript,beginner,api,True,2024-01-22,0,"Fix typo in log message The success message for the daily backup job says ""Back up completed"" instead of ""Backup completed"". Search for the string in the cron job controller. It is a one-word change. bug JavaScript api",fix typo log messag success messag daili backup job say back complet instead backup complet search string cron job control one word chang bug javascript api,1
66,react-context-demo,Add comments to Context provider,The state management logic in AppContext.js is a bit hard to follow for beginners. Please add inline comments explaining the useReducer setup and the provider value. This will help with onboarding.,documentation,JavaScript,beginner,frontend,True,2024-08-19,2,Add comments to Context provider The state management logic in AppContext.js is a bit hard to follow for beginners. Please add inline comments explaining the useReducer setup and the provider value. This will help with onboarding. documentation JavaScript frontend,add comment context provid state manag logic appcontext js bit hard follow beginn pleas add inlin comment explain usereduc setup provid valu help onboard document javascript frontend,1
67,typescript-knex-api,Add limit to search results,The search endpoint currently returns all matching records which could be hundreds. We should add a default limit of 20 results per query. Update the query builder logic in the service layer.,enhancement,TypeScript,beginner,api,True,2024-12-15,6,Add limit to search results The search endpoint currently returns all matching records which could be hundreds. We should add a default limit of 20 results per query. Update the query builder logic in the service layer. enhancement TypeScript api,add limit search result search endpoint current return match record could hundr add default limit 20 result per queri updat queri builder logic servic layer enhanc typescript api,1
68,electron-editor,Add keyboard shortcut for Save,Users have requested a Ctrl+S or Cmd+S shortcut to save files. We need to register this accelerator in the main process menu template. Check the electron documentation for accelerators.,enhancement,JavaScript,beginner,devtools,True,2025-03-10,12,Add keyboard shortcut for Save Users have requested a Ctrl+S or Cmd+S shortcut to save files. We need to register this accelerator in the main process menu template. Check the electron documentation for accelerators. enhancement JavaScript devtools,add keyboard shortcut save user request ctrl cmd shortcut save file need regist acceler main process menu templat check electron document acceler enhanc javascript devtool,1
70,graphql-server-ts,Define missing User type field,The User type in the schema is missing the 'bio' field which is already present in the database. Update the .graphql schema file to include this optional string field. Then regenerate the types.,enhancement,TypeScript,beginner,api,True,2024-09-30,3,Define missing User type field The User type in the schema is missing the 'bio' field which is already present in the database. Update the .graphql schema file to include this optional string field. Then regenerate the types. enhancement TypeScript api,defin miss user type field user type schema miss bio field alreadi present databas updat graphql schema file includ option string field regener type enhanc typescript api,1
71,js-game-engine,Increase player movement speed,The default movement speed feels a bit sluggish during testing. We should increase the SPEED constant from 5 to 8 in the Player.js file. This will make the gameplay feel more responsive.,enhancement,JavaScript,beginner,frontend,True,2024-07-04,1,Increase player movement speed The default movement speed feels a bit sluggish during testing. We should increase the SPEED constant from 5 to 8 in the Player.js file. This will make the gameplay feel more responsive. enhancement JavaScript frontend,increas player movement speed default movement speed feel bit sluggish test increas speed constant 5 8 player js file make gameplay feel respons enhanc javascript frontend,1
72,react-hook-form-example,Add required validation to Name field,The name input in the contact form currently allows empty submissions. We need to add the required: true validation rule to the register function call. Also show a small red error message.,bug,JavaScript,beginner,frontend,True,2024-11-08,5,Add required validation to Name field The name input in the contact form currently allows empty submissions. We need to add the required: true validation rule to the register function call. Also show a small red error message. bug JavaScript frontend,add requir valid name field name input contact form current allow empti submiss need add requir true valid rule regist function call also show small red error messag bug javascript frontend,1
73,ts-node-docker,Add healthcheck to Dockerfile,We need a basic healthcheck instruction in our Dockerfile to monitor the container status. It can be a simple curl command to the /ping endpoint. This improves our deployment reliability.,enhancement,TypeScript,beginner,devtools,True,2025-05-02,2,Add healthcheck to Dockerfile We need a basic healthcheck instruction in our Dockerfile to monitor the container status. It can be a simple curl command to the /ping endpoint. This improves our deployment reliability. enhancement TypeScript devtools,add healthcheck dockerfil need basic healthcheck instruct dockerfil monitor contain statu simpl curl command ping endpoint improv deploy reliabl enhanc typescript devtool,1
75,pwa-starter-kit,Update manifest background color,The splash screen color in manifest.json does not match our new branding. Please change the background_color hex code to #3f51b5. This ensures a consistent look on mobile devices.,ui,JavaScript,beginner,mobile;ui,True,2024-10-12,0,Update manifest background color The splash screen color in manifest.json does not match our new branding. Please change the background_color hex code to #3f51b5. This ensures a consistent look on mobile devices. ui JavaScript mobile;ui,updat manifest background color splash screen color manifest json match new brand pleas chang background color hex code 3f51b5 ensur consist look mobil devic ui javascript mobil ui,1
76,typescript-express-starter,Rename variables for clarity,The variables 'a' and 'b' in the middleware are confusing. They should be renamed to 'requestStartTime' and 'requestEndTime' to be more descriptive. This is purely a code cleanup task.,enhancement,TypeScript,beginner,api,True,2024-01-30,3,Rename variables for clarity The variables 'a' and 'b' in the middleware are confusing. They should be renamed to 'requestStartTime' and 'requestEndTime' to be more descriptive. This is purely a code cleanup task. enhancement TypeScript api,renam variabl clariti variabl b middlewar confus renam requeststarttim requestendtim descript pure code cleanup task enhanc typescript api,1
77,unit-converter-ts,Add Miles to Kilometers conversion,We currently only support Celsius and Fahrenheit. Let's expand the utility to include distance conversion between miles and km. Add a new function in converter.ts with the correct formula.,enhancement,TypeScript,beginner,web,True,2024-06-05,4,Add Miles to Kilometers conversion We currently only support Celsius and Fahrenheit. Let's expand the utility to include distance conversion between miles and km. Add a new function in converter.ts with the correct formula. enhancement TypeScript web,add mile kilomet convers current support celsiu fahrenheit let expand util includ distanc convers mile km add new function convert ts correct formula enhanc typescript web,1
78,react-table-component,Add padding to header cells,The table headers look cramped because the text is touching the borders. Adding 10px of horizontal padding to the th elements in the CSS file will fix this. It will improve overall readability.,ui,JavaScript,beginner,frontend;ui,True,2024-08-22,1,Add padding to header cells The table headers look cramped because the text is touching the borders. Adding 10px of horizontal padding to the th elements in the CSS file will fix this. It will improve overall readability. ui JavaScript frontend;ui,add pad header cell tabl header look cramp text touch border ad 10px horizont pad th element css file fix improv overal readabl ui javascript frontend ui,1
79,api-test-helper,Fix typo in error message,"The helper throws an error saying ""Unauthorizied"" when a token is missing. It should be spelled ""Unauthorized"". Look for this string in the auth-helper.js file.",bug,JavaScript,beginner,testing,True,2024-02-05,2,"Fix typo in error message The helper throws an error saying ""Unauthorizied"" when a token is missing. It should be spelled ""Unauthorized"". Look for this string in the auth-helper.js file. bug JavaScript testing",fix typo error messag helper throw error say unauthorizi token miss spell unauthor look string auth helper js file bug javascript test,1
81,ts-inventory-system,Add unit tests for addProduct,We need to ensure that the addProduct function correctly increments the total count. Create a simple test case using Vitest to verify this behavior. Check the existing tests for examples.,testing,TypeScript,beginner,testing,True,2025-01-15,3,Add unit tests for addProduct We need to ensure that the addProduct function correctly increments the total count. Create a simple test case using Vitest to verify this behavior. Check the existing tests for examples. testing TypeScript testing,add unit test addproduct need ensur addproduct function correctli increment total count creat simpl test case use vitest verifi behavior check exist test exampl test typescript test,1
84,express-session-auth,Fix broken logout redirect,The logout route currently redirects to /home but it should go to /login. This is causing confusion for users who think they are still logged in. Update the res.redirect call.,bug,JavaScript,beginner,api,True,2024-03-08,4,Fix broken logout redirect The logout route currently redirects to /home but it should go to /login. This is causing confusion for users who think they are still logged in. Update the res.redirect call. bug JavaScript api,fix broken logout redirect logout rout current redirect home go login caus confus user think still log updat re redirect call bug javascript api,1
85,ts-weather-icons,"Add missing icon for ""Drizzle""",The icon set is missing a visual for the drizzle weather state. We need to import the SVG file and add it to the icon mapping object in WeatherIcon.tsx. The SVG is already in the assets folder.,bug,TypeScript,beginner,frontend;ui,True,2024-11-30,1,"Add missing icon for ""Drizzle"" The icon set is missing a visual for the drizzle weather state. We need to import the SVG file and add it to the icon mapping object in WeatherIcon.tsx. The SVG is already in the assets folder. bug TypeScript frontend;ui",add miss icon drizzl icon set miss visual drizzl weather state need import svg file add icon map object weathericon tsx svg alreadi asset folder bug typescript frontend ui,1
86,js-fetch-lib,Add timeout parameter to fetch,Our custom fetch wrapper should support a timeout to prevent hanging requests. Use the AbortController API to implement a 10-second default timeout. This is a great introduction to modern JS APIs.,enhancement,JavaScript,beginner,api,True,2025-04-12,9,Add timeout parameter to fetch Our custom fetch wrapper should support a timeout to prevent hanging requests. Use the AbortController API to implement a 10-second default timeout. This is a great introduction to modern JS APIs. enhancement JavaScript api,add timeout paramet fetch custom fetch wrapper support timeout prevent hang request use abortcontrol api implement 10 second default timeout great introduct modern js api enhanc javascript api,1
88,ts-todo-list,"Implement ""Clear Completed"" button",Users want a way to delete all finished tasks at once. Add a button at the bottom of the list that filters the state to remove items where completed is true. Update the UI and the handler.,enhancement,TypeScript,beginner,frontend,True,2024-07-17,7,"Implement ""Clear Completed"" button Users want a way to delete all finished tasks at once. Add a button at the bottom of the list that filters the state to remove items where completed is true. Update the UI and the handler. enhancement TypeScript frontend",implement clear complet button user want way delet finish task add button bottom list filter state remov item complet true updat ui handler enhanc typescript frontend,1
89,node-express-logging,Change log file extension,The logs are currently saved as .txt but should be .log for better compatibility with log viewers. Update the file naming logic in the winston configuration. It is a minor configuration change.,enhancement,JavaScript,beginner,devtools,True,2024-10-05,3,Change log file extension The logs are currently saved as .txt but should be .log for better compatibility with log viewers. Update the file naming logic in the winston configuration. It is a minor configuration change. enhancement JavaScript devtools,chang log file extens log current save txt log better compat log viewer updat file name logic winston configur minor configur chang enhanc javascript devtool,1
90,react-chart-js,Update chart colors to accessible palette,The current green and red colors are not colorblind-friendly. We should switch to a more accessible palette like blue and orange. Update the color constants in the Theme.js file.,ui,JavaScript,beginner,frontend;ui,True,2025-02-20,0,Update chart colors to accessible palette The current green and red colors are not colorblind-friendly. We should switch to a more accessible palette like blue and orange. Update the color constants in the Theme.js file. ui JavaScript frontend;ui,updat chart color access palett current green red color colorblind friendli switch access palett like blue orang updat color constant theme js file ui javascript frontend ui,1
91,ts-auth-validator,Add min length check for passwords,The validator allows 1-character passwords which is a security risk. We should enforce a minimum length of 8 characters in the password validation function. Return a descriptive error message if it fails.,enhancement,TypeScript,beginner,api,True,2024-04-25,5,Add min length check for passwords The validator allows 1-character passwords which is a security risk. We should enforce a minimum length of 8 characters in the password validation function. Return a descriptive error message if it fails. enhancement TypeScript api,add min length check password valid allow 1 charact password secur risk enforc minimum length 8 charact password valid function return descript error messag fail enhanc typescript api,1
92,js-markdown-preview,Fix bold text rendering,The parser currently fails to render bold text if there are no spaces around the double asterisks. We need to adjust the regular expression in the parser.js file to be more flexible.,bug,JavaScript,beginner,web,True,2024-12-08,4,Fix bold text rendering The parser currently fails to render bold text if there are no spaces around the double asterisks. We need to adjust the regular expression in the parser.js file to be more flexible. bug JavaScript web,fix bold text render parser current fail render bold text space around doubl asterisk need adjust regular express parser js file flexibl bug javascript web,1
93,react-search-bar,Add placeholder text to input,"The search bar is currently empty and might be confusing. Please add a default placeholder like ""Search for articles..."" to the input element. This is a very simple JSX change.",enhancement,JavaScript,beginner,frontend,True,2024-06-30,1,"Add placeholder text to input The search bar is currently empty and might be confusing. Please add a default placeholder like ""Search for articles..."" to the input element. This is a very simple JSX change. enhancement JavaScript frontend",add placehold text input search bar current empti might confus pleas add default placehold like search articl input element simpl jsx chang enhanc javascript frontend,1
95,node-file-uploader,Handle large file errors,The server crashes when a file larger than 5MB is uploaded. We need to catch the 'limit exceeded' error from the middleware and return a 413 status code instead of crashing. Test with a large dummy file.,bug,JavaScript,beginner,api,True,2024-08-11,8,Handle large file errors The server crashes when a file larger than 5MB is uploaded. We need to catch the 'limit exceeded' error from the middleware and return a 413 status code instead of crashing. Test with a large dummy file. bug JavaScript api,handl larg file error server crash file larger 5mb upload need catch limit exceed error middlewar return 413 statu code instead crash test larg dummi file bug javascript api,1
96,react-dashboard-ts,Fix alignment of sidebar icons,The icons in the sidebar are not perfectly centered relative to the text labels. Adjust the CSS grid or flexbox settings in Sidebar.module.css to fix the vertical alignment. It looks off by a few pixels.,ui,TypeScript,beginner,frontend;ui,True,2025-05-10,2,Fix alignment of sidebar icons The icons in the sidebar are not perfectly centered relative to the text labels. Adjust the CSS grid or flexbox settings in Sidebar.module.css to fix the vertical alignment. It looks off by a few pixels. ui TypeScript frontend;ui,fix align sidebar icon icon sidebar perfectli center rel text label adjust css grid flexbox set sidebar modul css fix vertic align look pixel ui typescript frontend ui,1
97,js-string-utils,Add capitalizeFirstLetter function,We often need to capitalize just the first letter of a string for UI headings. Add a small utility function to strings.js that does this efficiently. Include a few basic unit tests.,enhancement,JavaScript,beginner,web,True,2024-01-05,4,Add capitalizeFirstLetter function We often need to capitalize just the first letter of a string for UI headings. Add a small utility function to strings.js that does this efficiently. Include a few basic unit tests. enhancement JavaScript web,add capitalizefirstlett function often need capit first letter string ui head add small util function string js effici includ basic unit test enhanc javascript web,1
99,express-static-files,Change default public folder,The app currently serves files from /assets but the standard is usually /public. Rename the directory and update the express.static middleware configuration. Check for any broken image links after.,enhancement,JavaScript,beginner,api,True,2024-03-29,3,Change default public folder The app currently serves files from /assets but the standard is usually /public. Rename the directory and update the express.static middleware configuration. Check for any broken image links after. enhancement JavaScript api,chang default public folder app current serv file asset standard usual public renam directori updat express static middlewar configur check broken imag link enhanc javascript api,1
100,react-modal-hooks,Fix memory leak in useEffect,The modal component is not cleaning up its event listener for the 'Escape' key. Add a return function to the useEffect hook to remove the event listener when the component unmounts. This prevents potential leaks.,bug,JavaScript,beginner,frontend,True,2024-11-15,5,Fix memory leak in useEffect The modal component is not cleaning up its event listener for the 'Escape' key. Add a return function to the useEffect hook to remove the event listener when the component unmounts. This prevents potential leaks. bug JavaScript frontend,fix memori leak useeffect modal compon clean event listen escap key add return function useeffect hook remov event listen compon unmount prevent potenti leak bug javascript frontend,1
104,js-array-helpers,Implement shuffleArray function,We need a utility to randomly reorder elements in an array. Use the Fisher-Yates shuffle algorithm for better randomness. Add the function to arrays.js and export it.,enhancement,JavaScript,beginner,web,True,2024-07-12,3,Implement shuffleArray function We need a utility to randomly reorder elements in an array. Use the Fisher-Yates shuffle algorithm for better randomness. Add the function to arrays.js and export it. enhancement JavaScript web,implement shufflearray function need util randomli reorder element array use fisher yate shuffl algorithm better random add function array js export enhanc javascript web,1
105,express-helmet-security,Update CSP headers,The Content Security Policy is currently too restrictive and blocking our CDN images. We need to add 'https://www.google.com/search?q=cdn.example.com' to the img-src directive in the helmet config. This will fix the broken images on production.,bug,JavaScript,beginner,api,True,2024-10-18,6,Update CSP headers The Content Security Policy is currently too restrictive and blocking our CDN images. We need to add 'https://www.google.com/search?q=cdn.example.com' to the img-src directive in the helmet config. This will fix the broken images on production. bug JavaScript api,updat csp header content secur polici current restrict block cdn imag need add http www googl com search q cdn exampl com img src direct helmet config fix broken imag product bug javascript api,1
106,ts-task-tracker,Sort tasks by date,The tasks are currently displayed in the order they were added. We should sort them so the most recent tasks appear at the top. Update the sorting logic in the TaskList component.,enhancement,TypeScript,beginner,frontend,True,2025-03-25,2,Sort tasks by date The tasks are currently displayed in the order they were added. We should sort them so the most recent tasks appear at the top. Update the sorting logic in the TaskList component. enhancement TypeScript frontend,sort task date task current display order ad sort recent task appear top updat sort logic tasklist compon enhanc typescript frontend,1
107,react-error-boundary,Custom error message for 404s,"The global error boundary shows a generic message for everything. We should check the error status and show a specific ""Page Not Found"" message for 404 errors. This makes the app feel more polished.",enhancement,JavaScript,beginner,frontend,True,2024-02-19,5,"Custom error message for 404s The global error boundary shows a generic message for everything. We should check the error status and show a specific ""Page Not Found"" message for 404 errors. This makes the app feel more polished. enhancement JavaScript frontend",custom error messag 404 global error boundari show gener messag everyth check error statu show specif page found messag 404 error make app feel polish enhanc javascript frontend,1
108,node-json-db,Fix concurrent write bug,Two quick saves can sometimes overwrite each other because the file write isn't awaited properly. Ensure that the writeFileSync or await writeFile is correctly implemented in the save method. This is a critical but small fix.,bug,JavaScript,beginner,api,True,2024-08-28,9,Fix concurrent write bug Two quick saves can sometimes overwrite each other because the file write isn't awaited properly. Ensure that the writeFileSync or await writeFile is correctly implemented in the save method. This is a critical but small fix. bug JavaScript api,fix concurr write bug two quick save sometim overwrit file write await properli ensur writefilesync await writefil correctli implement save method critic small fix bug javascript api,1
110,cli-weather-app,Add color to temperature output,The terminal output is currently all white. Use the 'chalk' library to make the temperature red if it's hot and blue if it's cold. This makes the CLI tool much more readable.,ui,JavaScript,beginner,cli;ui,True,2024-11-03,2,Add color to temperature output The terminal output is currently all white. Use the 'chalk' library to make the temperature red if it's hot and blue if it's cold. This makes the CLI tool much more readable. ui JavaScript cli;ui,add color temperatur output termin output current white use chalk librari make temperatur red hot blue cold make cli tool much readabl ui javascript cli ui,1
111,react-calendar-widget,Fix offset on Monday start,The calendar grid is shifted by one day when the week is set to start on Monday. We need to adjust the calculation for the empty padding cells in the first row. Look at the CalendarGrid.tsx file.,bug,TypeScript,beginner,frontend,True,2025-05-28,4,Fix offset on Monday start The calendar grid is shifted by one day when the week is set to start on Monday. We need to adjust the calculation for the empty padding cells in the first row. Look at the CalendarGrid.tsx file. bug TypeScript frontend,fix offset monday start calendar grid shift one day week set start monday need adjust calcul empti pad cell first row look calendargrid tsx file bug typescript frontend,1
112,js-password-validator,Check for at least one number,Passwords should be required to have at least one numeric digit. Update the validation logic to include this check and add a corresponding error message. This is part of our security hardening.,enhancement,JavaScript,beginner,web,True,2024-01-25,1,Check for at least one number Passwords should be required to have at least one numeric digit. Update the validation logic to include this check and add a corresponding error message. This is part of our security hardening. enhancement JavaScript web,check least one number password requir least one numer digit updat valid logic includ check add correspond error messag part secur harden enhanc javascript web,1
113,express-rate-limiter,Increase limit for login attempts,The current limit of 5 attempts per hour is too low for our testing environment. Increase it to 20 attempts in the development configuration file. This will prevent developers from getting locked out.,enhancement,JavaScript,beginner,api,True,2024-06-18,0,Increase limit for login attempts The current limit of 5 attempts per hour is too low for our testing environment. Increase it to 20 attempts in the development configuration file. This will prevent developers from getting locked out. enhancement JavaScript api,increas limit login attempt current limit 5 attempt per hour low test environ increas 20 attempt develop configur file prevent develop get lock enhanc javascript api,1
114,ts-blog-api,Add category field to Post model,Users want to categorize their blog posts. We need to add a 'category' string field to the Post schema and update the creation endpoint to accept this new property. Don't forget to update the types.,enhancement,TypeScript,beginner,api,True,2024-09-05,7,Add category field to Post model Users want to categorize their blog posts. We need to add a 'category' string field to the Post schema and update the creation endpoint to accept this new property. Don't forget to update the types. enhancement TypeScript api,add categori field post model user want categor blog post need add categori string field post schema updat creation endpoint accept new properti forget updat type enhanc typescript api,1
117,ts-redux-toolkit,Refactor slices to separate files,Our store.ts file is getting too large because all slices are defined in one place. Move the counter and user slices into their own files within a 'features' folder. This improves project structure.,enhancement,TypeScript,beginner,frontend,True,2025-02-10,2,Refactor slices to separate files Our store.ts file is getting too large because all slices are defined in one place. Move the counter and user slices into their own files within a 'features' folder. This improves project structure. enhancement TypeScript frontend,refactor slice separ file store ts file get larg slice defin one place move counter user slice file within featur folder improv project structur enhanc typescript frontend,1
118,js-unit-tests,Add test for division by zero,We have a bug report for division by zero but no regression test. Add a new test case in math.test.js that asserts the function returns null when dividing by zero. This will prevent the bug from returning.,testing,JavaScript,beginner,testing,True,2024-07-30,1,Add test for division by zero We have a bug report for division by zero but no regression test. Add a new test case in math.test.js that asserts the function returns null when dividing by zero. This will prevent the bug from returning. testing JavaScript testing,add test divis zero bug report divis zero regress test add new test case math test js assert function return null divid zero prevent bug return test javascript test,1
119,react-lazy-load,Add placeholder for loading images,The page layout shifts when images finally load. We should use a gray div as a placeholder with the same dimensions as the image to reserve the space. Update the ImageComponent.tsx file.,enhancement,TypeScript,beginner,frontend,True,2024-10-22,4,Add placeholder for loading images The page layout shifts when images finally load. We should use a gray div as a placeholder with the same dimensions as the image to reserve the space. Update the ImageComponent.tsx file. enhancement TypeScript frontend,add placehold load imag page layout shift imag final load use gray div placehold dimens imag reserv space updat imagecompon tsx file enhanc typescript frontend,1
120,express-user-api,Fix 500 error on duplicate email,Trying to register with an existing email throws a server error instead of a 400 Bad Request. Catch the database unique constraint violation and return a clean error message. This is located in the user controller.,bug,JavaScript,beginner,api,True,2024-05-01,6,Fix 500 error on duplicate email Trying to register with an existing email throws a server error instead of a 400 Bad Request. Catch the database unique constraint violation and return a clean error message. This is located in the user controller. bug JavaScript api,fix 500 error duplic email tri regist exist email throw server error instead 400 bad request catch databas uniqu constraint violat return clean error messag locat user control bug javascript api,1
121,ts-node-cli,Update help menu formatting,The help menu is currently misaligned because of tab vs space usage. Reformat the string to use consistent spacing so the commands and descriptions line up perfectly. It should look neat in the terminal.,ui,TypeScript,beginner,cli;ui,True,2025-04-20,0,Update help menu formatting The help menu is currently misaligned because of tab vs space usage. Reformat the string to use consistent spacing so the commands and descriptions line up perfectly. It should look neat in the terminal. ui TypeScript cli;ui,updat help menu format help menu current misalign tab vs space usag reformat string use consist space command descript line perfectli look neat termin ui typescript cli ui,1
123,js-date-formatter,Support 'DD-MM-YYYY' format,Our formatter currently only supports 'YYYY-MM-DD'. We need to add a new option to support the European date format. Update the switch statement in the format function.,enhancement,JavaScript,beginner,web,True,2024-02-22,3,Support 'DD-MM-YYYY' format Our formatter currently only supports 'YYYY-MM-DD'. We need to add a new option to support the European date format. Update the switch statement in the format function. enhancement JavaScript web,support dd mm yyyi format formatt current support yyyi mm dd need add new option support european date format updat switch statement format function enhanc javascript web,1
127,ts-sorting-visualizer,Fix bug in Bubble Sort logic,The bubble sort animation skips the last element in the array during the first pass. This results in an unsorted list. Check the loop boundaries in the bubbleSort.ts file.,bug,TypeScript,beginner,frontend;devtools,True,2024-09-28,7,Fix bug in Bubble Sort logic The bubble sort animation skips the last element in the array during the first pass. This results in an unsorted list. Check the loop boundaries in the bubbleSort.ts file. bug TypeScript frontend;devtools,fix bug bubbl sort logic bubbl sort anim skip last element array first pass result unsort list check loop boundari bubblesort ts file bug typescript frontend devtool,1
129,express-health-check,Add database status to health,The /health endpoint only checks if the server is up. It should also attempt a simple DB query to ensure the connection is active. Return a 'db: healthy' status in the JSON response.,enhancement,JavaScript,beginner,api,True,2025-05-15,3,Add database status to health The /health endpoint only checks if the server is up. It should also attempt a simple DB query to ensure the connection is active. Return a 'db: healthy' status in the JSON response. enhancement JavaScript api,add databas statu health health endpoint check server also attempt simpl db queri ensur connect activ return db healthi statu json respons enhanc javascript api,1
131,react-dark-mode,Save theme preference in cookie,"We are currently using localStorage for the dark mode setting but it's not available server-side. Switching to a cookie will prevent the ""flash"" of white light on page load. Update the toggle function.",enhancement,JavaScript,beginner,frontend,True,2024-07-22,5,"Save theme preference in cookie We are currently using localStorage for the dark mode setting but it's not available server-side. Switching to a cookie will prevent the ""flash"" of white light on page load. Update the toggle function. enhancement JavaScript frontend",save theme prefer cooki current use localstorag dark mode set avail server side switch cooki prevent flash white light page load updat toggl function enhanc javascript frontend,1
132,js-event-emitter,Add once method to emitter,Our custom event emitter is missing a way to trigger a listener only once. Implement the 'once' method which removes the listener immediately after it is called. This is a classic coding challenge.,enhancement,JavaScript,beginner,devtools,True,2024-10-10,2,Add once method to emitter Our custom event emitter is missing a way to trigger a listener only once. Implement the 'once' method which removes the listener immediately after it is called. This is a classic coding challenge. enhancement JavaScript devtools,add method emitt custom event emitt miss way trigger listen implement method remov listen immedi call classic code challeng enhanc javascript devtool,1
133,ts-express-auth,Add logout route,The authentication system is missing a logout endpoint. It should clear the session cookie and redirect the user to the login page. This is a straightforward task in the auth controller.,enhancement,TypeScript,beginner,api,True,2025-02-05,4,Add logout route The authentication system is missing a logout endpoint. It should clear the session cookie and redirect the user to the login page. This is a straightforward task in the auth controller. enhancement TypeScript api,add logout rout authent system miss logout endpoint clear session cooki redirect user login page straightforward task auth control enhanc typescript api,1
134,react-pagination-demo,Fix disabled state for 'Previous' button,The 'Previous' button is still clickable when the user is on the first page. We need to set the disabled attribute to true when the currentPage is 1. This will prevent unnecessary API calls.,bug,JavaScript,beginner,frontend,True,2024-04-10,1,Fix disabled state for 'Previous' button The 'Previous' button is still clickable when the user is on the first page. We need to set the disabled attribute to true when the currentPage is 1. This will prevent unnecessary API calls. bug JavaScript frontend,fix disabl state previou button previou button still clickabl user first page need set disabl attribut true currentpag 1 prevent unnecessari api call bug javascript frontend,1
135,node-cli-colors,Add support for bold text,Our CLI logger only supports colors but not text styles. Add a flag or a new method to enable bold formatting using ANSI escape codes. This will help highlight important headers in the output.,enhancement,JavaScript,beginner,cli,True,2024-08-25,3,Add support for bold text Our CLI logger only supports colors but not text styles. Add a flag or a new method to enable bold formatting using ANSI escape codes. This will help highlight important headers in the output. enhancement JavaScript cli,add support bold text cli logger support color text style add flag new method enabl bold format use ansi escap code help highlight import header output enhanc javascript cli,1
136,ts-todo-app,Fix double-click bug on items,Quickly double-clicking a todo item creates two identical edit inputs. We should add a check to see if the item is already in 'edit mode' before triggering the state change. This is in TodoItem.tsx.,bug,TypeScript,beginner,frontend,True,2024-11-12,2,Fix double-click bug on items Quickly double-clicking a todo item creates two identical edit inputs. We should add a check to see if the item is already in 'edit mode' before triggering the state change. This is in TodoItem.tsx. bug TypeScript frontend,fix doubl click bug item quickli doubl click todo item creat two ident edit input add check see item alreadi edit mode trigger state chang todoitem tsx bug typescript frontend,1
137,react-video-player,Add volume slider,The video player only has a mute toggle but no way to adjust the volume. Add a range input that controls the volume property of the video element. Ensure it stays between 0 and 1.,enhancement,JavaScript,beginner,frontend;ui,True,2025-04-30,6,Add volume slider The video player only has a mute toggle but no way to adjust the volume. Add a range input that controls the volume property of the video element. Ensure it stays between 0 and 1. enhancement JavaScript frontend;ui,add volum slider video player mute toggl way adjust volum add rang input control volum properti video element ensur stay 0 1 enhanc javascript frontend ui,1
139,ts-search-filter,Fix case-sensitive search,Searching for 'apple' does not find 'Apple'. We should convert both the search query and the item text to lowercase before comparing them. This will make the search much more user-friendly.,bug,TypeScript,beginner,frontend,True,2024-06-22,4,Fix case-sensitive search Searching for 'apple' does not find 'Apple'. We should convert both the search query and the item text to lowercase before comparing them. This will make the search much more user-friendly. bug TypeScript frontend,fix case sensit search search appl find appl convert search queri item text lowercas compar make search much user friendli bug typescript frontend,1
140,js-calculator-cli,Handle non-numeric inputs,"The calculator crashes if a user types a letter instead of a number. Add a check using isNaN() to validate inputs and print a friendly ""Please enter a valid number"" message. This is in the input handler.",bug,JavaScript,beginner,cli,True,2024-12-18,1,"Handle non-numeric inputs The calculator crashes if a user types a letter instead of a number. Add a check using isNaN() to validate inputs and print a friendly ""Please enter a valid number"" message. This is in the input handler. bug JavaScript cli",handl non numer input calcul crash user type letter instead number add check use isnan valid input print friendli pleas enter valid number messag input handler bug javascript cli,1
141,react-profile-page,Add default avatar image,Users without an uploaded photo see a broken image icon. We should set a default 'placeholder.png' in the src attribute if the user's avatar URL is null or undefined. Check the ProfileHeader component.,enhancement,JavaScript,beginner,frontend;ui,True,2025-01-20,3,Add default avatar image Users without an uploaded photo see a broken image icon. We should set a default 'placeholder.png' in the src attribute if the user's avatar URL is null or undefined. Check the ProfileHeader component. enhancement JavaScript frontend;ui,add default avatar imag user without upload photo see broken imag icon set default placehold png src attribut user avatar url null undefin check profilehead compon enhanc javascript frontend ui,1
142,ts-graphql-client,Fix typing for useQuery hook,The useQuery hook is currently returning 'any' for the data object. We need to pass the correct Generic type to the hook so we get full autocomplete in our components. This will improve developer experience.,bug,TypeScript,beginner,frontend;api,True,2024-03-15,5,Fix typing for useQuery hook The useQuery hook is currently returning 'any' for the data object. We need to pass the correct Generic type to the hook so we get full autocomplete in our components. This will improve developer experience. bug TypeScript frontend;api,fix type usequeri hook usequeri hook current return data object need pass correct gener type hook get full autocomplet compon improv develop experi bug typescript frontend api,1
146,go-crud-api,Add validation for user input in create handler,Currently the create endpoint accepts empty strings for username and email. We should add basic validation to ensure these fields are not empty and that email contains an @ symbol.,"good first issue, beginner friendly",Go,beginner,api,True,2024-01-15,3,"Add validation for user input in create handler Currently the create endpoint accepts empty strings for username and email. We should add basic validation to ensure these fields are not empty and that email contains an @ symbol. good first issue, beginner friendly Go api",add valid user input creat handler current creat endpoint accept empti string usernam email add basic valid ensur field empti email contain symbol good first issu beginn friendli go api,1
147,rust-cli-tool,Improve error message when config file is missing,The tool panics if the config file doesn't exist. We should display a user-friendly error message suggesting to run init command first.,"help wanted, beginner friendly",Rust,beginner,cli,True,2024-02-10,2,"Improve error message when config file is missing The tool panics if the config file doesn't exist. We should display a user-friendly error message suggesting to run init command first. help wanted, beginner friendly Rust cli",improv error messag config file miss tool panic config file exist display user friendli error messag suggest run init command first help want beginn friendli rust cli,1
148,spring-boot-api,Add pagination to GET /users endpoint,The endpoint returns all users at once which could cause performance issues. Implement pagination with default page size 20.,"good first issue, easy",Java,beginner,api,True,2024-01-22,5,"Add pagination to GET /users endpoint The endpoint returns all users at once which could cause performance issues. Implement pagination with default page size 20. good first issue, easy Java api",add pagin get user endpoint endpoint return user could caus perform issu implement pagin default page size 20 good first issu easi java api,1
149,rails-blog-app,Fix broken link in navigation partial,"The ""About"" link points to /about but the route is actually /about-us. Update the link in _navigation.html.erb.","bug, good first issue",Ruby,beginner,api,True,2024-03-05,1,"Fix broken link in navigation partial The ""About"" link points to /about but the route is actually /about-us. Update the link in _navigation.html.erb. bug, good first issue Ruby api",fix broken link navig partial link point rout actual us updat link navig html erb bug good first issu rubi api,1
151,go-gin-boilerplate,Update README with setup instructions,The README is missing steps for setting up the database connection. Add clear instructions for PostgreSQL setup.,documentation,Go,beginner,database,True,2024-01-30,0,Update README with setup instructions The README is missing steps for setting up the database connection. Add clear instructions for PostgreSQL setup. documentation Go database,updat readm setup instruct readm miss step set databas connect add clear instruct postgresql setup document go databas,1
152,rust-http-server,Handle trailing slashes in routes,Requests to /api/ currently 404 even though /api exists. We should normalize paths by stripping trailing slashes.,"good first issue, bug",Rust,beginner,api,True,2024-03-12,4,"Handle trailing slashes in routes Requests to /api/ currently 404 even though /api exists. We should normalize paths by stripping trailing slashes. good first issue, bug Rust api",handl trail slash rout request api current 404 even though api exist normal path strip trail slash good first issu bug rust api,1
153,maven-starter,Update dependency versions in pom.xml,Several dependencies are outdated. Update to latest stable versions and verify everything still compiles.,"easy, help wanted",Java,beginner,devtools,True,2024-02-05,2,"Update dependency versions in pom.xml Several dependencies are outdated. Update to latest stable versions and verify everything still compiles. easy, help wanted Java devtools",updat depend version pom xml sever depend outdat updat latest stabl version verifi everyth still compil easi help want java devtool,1
154,ruby-gem-template,Add CI workflow for Ruby 3.2,The GitHub Actions workflow doesn't test against Ruby 3.2. Add it to the matrix.,"good first issue, beginner friendly",Ruby,beginner,automation,True,2024-01-19,6,"Add CI workflow for Ruby 3.2 The GitHub Actions workflow doesn't test against Ruby 3.2. Add it to the matrix. good first issue, beginner friendly Ruby automation",add ci workflow rubi 3 2 github action workflow test rubi 3 2 add matrix good first issu beginn friendli rubi autom,1
155,cpp-calculator,Handle division by zero gracefully,The calculator crashes when dividing by zero. Add error handling to return appropriate error message.,"bug, good first issue",C++,beginner,cli,True,2024-04-01,9,"Handle division by zero gracefully The calculator crashes when dividing by zero. Add error handling to return appropriate error message. bug, good first issue C++ cli",handl divis zero grace calcul crash divid zero add error handl return appropri error messag bug good first issu c cli,1
156,go-cobra-cli,Add version flag to main command,The CLI doesn't have a --version flag. Implement it to display the current version from VERSION file.,"good first issue, easy",Go,beginner,cli,True,2024-03-20,1,"Add version flag to main command The CLI doesn't have a --version flag. Implement it to display the current version from VERSION file. good first issue, easy Go cli",add version flag main command cli version flag implement display current version version file good first issu easi go cli,1
157,rust-actix-api,Add CORS middleware,The API cannot be called from browsers due to CORS policy. Add the actix-cors middleware with permissive settings for development.,"help wanted, beginner friendly",Rust,beginner,api,True,2024-02-28,3,"Add CORS middleware The API cannot be called from browsers due to CORS policy. Add the actix-cors middleware with permissive settings for development. help wanted, beginner friendly Rust api",add cor middlewar api cannot call browser due cor polici add actix cor middlewar permiss set develop help want beginn friendli rust api,1
158,javalin-app,Create CONTRIBUTING.md file,We need a contributing guide to help new contributors understand our workflow and coding standards.,documentation,Java,beginner,devtools,True,2024-01-12,0,Create CONTRIBUTING.md file We need a contributing guide to help new contributors understand our workflow and coding standards. documentation Java devtools,creat contribut md file need contribut guid help new contributor understand workflow code standard document java devtool,1
159,sinatra-microservice,Log request parameters in development,It's hard to debug without seeing the request params. Add logging of params when in development environment.,"good first issue, beginner friendly",Ruby,beginner,api,True,2024-03-25,2,"Log request parameters in development It's hard to debug without seeing the request params. Add logging of params when in development environment. good first issue, beginner friendly Ruby api",log request paramet develop hard debug without see request param add log param develop environ good first issu beginn friendli rubi api,1
160,cpp-game-engine,Fix memory leak in Texture class,The Texture class doesn't delete OpenGL resources in destructor causing memory leak. Add proper cleanup.,"bug, help wanted",C++,beginner,devtools,True,2024-02-14,11,"Fix memory leak in Texture class The Texture class doesn't delete OpenGL resources in destructor causing memory leak. Add proper cleanup. bug, help wanted C++ devtools",fix memori leak textur class textur class delet opengl resourc destructor caus memori leak add proper cleanup bug help want c devtool,1
161,go-db-migrator,Add dry-run flag for migrations,Users want to see what SQL would be executed before running migrations. Add a --dry-run flag.,"good first issue, easy",Go,beginner,database,True,2024-04-05,4,"Add dry-run flag for migrations Users want to see what SQL would be executed before running migrations. Add a --dry-run flag. good first issue, easy Go database",add dri run flag migrat user want see sql would execut run migrat add dri run flag good first issu easi go databas,1
162,rust-tokio-echo,Update tokio to version 1.x,The project uses old tokio 0.2. Update to latest tokio and fix any breaking changes.,"help wanted, beginner friendly",Rust,beginner,api,True,2024-01-28,6,"Update tokio to version 1.x The project uses old tokio 0.2. Update to latest tokio and fix any breaking changes. help wanted, beginner friendly Rust api",updat tokio version 1 x project use old tokio 0 2 updat latest tokio fix break chang help want beginn friendli rust api,1
163,gradle-plugin,Add example usage in README,The README doesn't show how to apply and configure the plugin. Add a simple example block.,documentation,Java,beginner,devtools,True,2024-03-08,0,Add example usage in README The README doesn't show how to apply and configure the plugin. Add a simple example block. documentation Java devtools,add exampl usag readm readm show appli configur plugin add simpl exampl block document java devtool,1
166,go-http-router,Add method not found handler,Currently returns 404 for all unknown routes. We should return 405 for routes with wrong HTTP methods.,"bug, good first issue",Go,beginner,api,True,2024-04-10,1,"Add method not found handler Currently returns 404 for all unknown routes. We should return 405 for routes with wrong HTTP methods. bug, good first issue Go api",add method found handler current return 404 unknown rout return 405 rout wrong http method bug good first issu go api,1
167,rust-clap-app,Add shell completion scripts,The CLI would be more user-friendly with shell completions. Add support for generating completions with clap.,"help wanted, beginner friendly",Rust,beginner,cli,True,2024-03-15,5,"Add shell completion scripts The CLI would be more user-friendly with shell completions. Add support for generating completions with clap. help wanted, beginner friendly Rust cli",add shell complet script cli would user friendli shell complet add support gener complet clap help want beginn friendli rust cli,1
168,quarkus-app,Add health check endpoint,The application lacks a health check for Kubernetes. Implement a simple /q/health endpoint.,"good first issue, easy",Java,beginner,api,True,2024-02-01,2,"Add health check endpoint The application lacks a health check for Kubernetes. Implement a simple /q/health endpoint. good first issue, easy Java api",add health check endpoint applic lack health check kubernet implement simpl q health endpoint good first issu easi java api,1
169,ruby-thread-pool,Add timeout to task execution,Tasks can run indefinitely. Add a timeout option to prevent hanging threads.,"good first issue, beginner friendly",Ruby,beginner,automation,True,2024-01-25,7,"Add timeout to task execution Tasks can run indefinitely. Add a timeout option to prevent hanging threads. good first issue, beginner friendly Ruby automation",add timeout task execut task run indefinit add timeout option prevent hang thread good first issu beginn friendli rubi autom,1
171,go-viper-config,Support environment variable binding,Currently config values cannot be overridden by env vars. Add viper's automatic env binding.,"good first issue, beginner friendly",Go,beginner,devtools,True,2024-02-19,0,"Support environment variable binding Currently config values cannot be overridden by env vars. Add viper's automatic env binding. good first issue, beginner friendly Go devtools",support environ variabl bind current config valu cannot overridden env var add viper automat env bind good first issu beginn friendli go devtool,1
172,rust-serde-example,Add serialization for custom DateTime,Our custom date type doesn't implement Serialize. Add serde support using timestamp representation.,"help wanted, beginner friendly",Rust,beginner,api,True,2024-03-28,4,"Add serialization for custom DateTime Our custom date type doesn't implement Serialize. Add serde support using timestamp representation. help wanted, beginner friendly Rust api",add serial custom datetim custom date type implement serial add serd support use timestamp represent help want beginn friendli rust api,1
173,micronaut-app,Add request/response logging filter,Debugging is hard without seeing HTTP traffic. Add a filter to log requests and responses.,"good first issue, easy",Java,beginner,api,True,2024-01-08,3,"Add request/response logging filter Debugging is hard without seeing HTTP traffic. Add a filter to log requests and responses. good first issue, easy Java api",add request respons log filter debug hard without see http traffic add filter log request respons good first issu easi java api,1
174,ruby-sidekiq-worker,Add retry limit to email worker,The email worker retries indefinitely on failure. Add a max retry count of 3.,"good first issue, beginner friendly",Ruby,beginner,automation,True,2024-04-12,2,"Add retry limit to email worker The email worker retries indefinitely on failure. Add a max retry count of 3. good first issue, beginner friendly Ruby automation",add retri limit email worker email worker retri indefinit failur add max retri count 3 good first issu beginn friendli rubi autom,1
175,cpp-algorithms,Fix off-by-one in binary search,The binary search implementation returns wrong index for elements at the end of array.,"bug, good first issue",C++,beginner,testing,True,2024-02-25,6,"Fix off-by-one in binary search The binary search implementation returns wrong index for elements at the end of array. bug, good first issue C++ testing",fix one binari search binari search implement return wrong index element end array bug good first issu c test,1
176,go-echo-middleware,Add request ID middleware,We need to track requests across logs. Add middleware that injects a unique request ID.,"good first issue, help wanted",Go,beginner,api,True,2024-03-02,2,"Add request ID middleware We need to track requests across logs. Add middleware that injects a unique request ID. good first issue, help wanted Go api",add request id middlewar need track request across log add middlewar inject uniqu request id good first issu help want go api,1
177,rust-rayon-example,Parallelize image processing loop,The image filter runs sequentially. Use rayon to parallelize the pixel processing.,"help wanted, beginner friendly",Rust,beginner,automation,True,2024-01-31,8,"Parallelize image processing loop The image filter runs sequentially. Use rayon to parallelize the pixel processing. help wanted, beginner friendly Rust automation",parallel imag process loop imag filter run sequenti use rayon parallel pixel process help want beginn friendli rust autom,1
178,spring-data-jpa,Add indexes to frequently queried columns,The users table queries by email are slow. Add database index on email column.,"good first issue, easy",Java,beginner,database,True,2024-04-07,0,"Add indexes to frequently queried columns The users table queries by email are slow. Add database index on email column. good first issue, easy Java database",add index frequent queri column user tabl queri email slow add databas index email column good first issu easi java databas,1
179,ruby-activejob,Add job uniqueness constraint,Sometimes the same job gets enqueued multiple times. Add a uniqueness constraint based on arguments.,"good first issue, beginner friendly",Ruby,beginner,automation,True,2024-02-11,4,"Add job uniqueness constraint Sometimes the same job gets enqueued multiple times. Add a uniqueness constraint based on arguments. good first issue, beginner friendly Ruby automation",add job uniqu constraint sometim job get enqueu multipl time add uniqu constraint base argument good first issu beginn friendli rubi autom,1
180,cpp-sorting,Optimize memory usage in merge sort,The merge sort implementation creates temporary vectors for each merge. Reuse a single buffer.,"help wanted, beginner friendly",C++,beginner,testing,True,2024-03-18,9,"Optimize memory usage in merge sort The merge sort implementation creates temporary vectors for each merge. Reuse a single buffer. help wanted, beginner friendly C++ testing",optim memori usag merg sort merg sort implement creat temporari vector merg reus singl buffer help want beginn friendli c test,1
183,vaadin-app,Add loading indicator to grid,The data grid doesn't show when data is loading. Add a loading spinner.,"good first issue, easy",Java,beginner,api,True,2024-02-27,1,"Add loading indicator to grid The data grid doesn't show when data is loading. Add a loading spinner. good first issue, easy Java api",add load indic grid data grid show data load add load spinner good first issu easi java api,1
184,ruby-grape-api,Add versioning to API endpoints,The API doesn't support versioning. Add /v1/ prefix to all routes.,"help wanted, beginner friendly",Ruby,beginner,api,True,2024-03-10,5,"Add versioning to API endpoints The API doesn't support versioning. Add /v1/ prefix to all routes. help wanted, beginner friendly Ruby api",add version api endpoint api support version add v1 prefix rout help want beginn friendli rubi api,1
185,cpp-concurrency,Add thread-safe queue implementation,We need a producer-consumer queue. Implement a thread-safe queue using mutex and condition variable.,"good first issue, beginner friendly",C++,beginner,automation,True,2024-01-05,14,"Add thread-safe queue implementation We need a producer-consumer queue. Implement a thread-safe queue using mutex and condition variable. good first issue, beginner friendly C++ automation",add thread safe queue implement need produc consum queue implement thread safe queue use mutex condit variabl good first issu beginn friendli c autom,1
186,go-testify-suite,Convert tests to use testify suite,Current tests use raw if statements. Refactor to use testify's suite package for better organization.,"good first issue, easy",Go,beginner,testing,True,2024-02-08,0,"Convert tests to use testify suite Current tests use raw if statements. Refactor to use testify's suite package for better organization. good first issue, easy Go testing",convert test use testifi suit current test use raw statement refactor use testifi suit packag better organ good first issu easi go test,1
188,junit5-demo,Add parameterized tests for calculator,The CalculatorTests are repetitive. Use @ParameterizedTest to test multiple inputs.,"good first issue, beginner friendly",Java,beginner,testing,True,2024-03-22,3,"Add parameterized tests for calculator The CalculatorTests are repetitive. Use @ParameterizedTest to test multiple inputs. good first issue, beginner friendly Java testing",add parameter test calcul calculatortest repetit use parameterizedtest test multipl input good first issu beginn friendli java test,1
189,ruby-sinatra-app,Add Content-Security-Policy header,The app lacks security headers. Add CSP header with basic directives.,"good first issue, security",Ruby,beginner,security,True,2024-01-26,2,"Add Content-Security-Policy header The app lacks security headers. Add CSP header with basic directives. good first issue, security Ruby security",add content secur polici header app lack secur header add csp header basic direct good first issu secur rubi secur,1
190,cpp-logger,Add log rotation,Log file grows indefinitely. Implement log rotation based on file size.,"help wanted, beginner friendly",C++,beginner,devtools,True,2024-02-16,8,"Add log rotation Log file grows indefinitely. Implement log rotation based on file size. help wanted, beginner friendly C++ devtools",add log rotat log file grow indefinit implement log rotat base file size help want beginn friendli c devtool,1
192,rust-tracing-app,Add span for each request,We need better tracing. Add a span that covers the entire request lifecycle.,"good first issue, beginner friendly",Rust,beginner,api,True,2024-03-04,1,"Add span for each request We need better tracing. Add a span that covers the entire request lifecycle. good first issue, beginner friendly Rust api",add span request need better trace add span cover entir request lifecycl good first issu beginn friendli rust api,1
193,dropwizard-app,Add metrics for endpoint latency,We don't know which endpoints are slow. Add metrics to track request duration.,"help wanted, beginner friendly",Java,beginner,api,True,2024-01-14,4,"Add metrics for endpoint latency We don't know which endpoints are slow. Add metrics to track request duration. help wanted, beginner friendly Java api",add metric endpoint latenc know endpoint slow add metric track request durat help want beginn friendli java api,1
194,ruby-json-api,Handle invalid JSON gracefully,The API crashes on malformed JSON. Add error handling to return 400.,"bug, good first issue",Ruby,beginner,api,True,2024-02-23,2,"Handle invalid JSON gracefully The API crashes on malformed JSON. Add error handling to return 400. bug, good first issue Ruby api",handl invalid json grace api crash malform json add error handl return 400 bug good first issu rubi api,1
195,cpp-http-client,Add connection pooling,The client creates new connection for each request. Implement simple connection reuse.,"good first issue, beginner friendly",C++,beginner,api,True,2024-03-29,7,"Add connection pooling The client creates new connection for each request. Implement simple connection reuse. good first issue, beginner friendly C++ api",add connect pool client creat new connect request implement simpl connect reus good first issu beginn friendli c api,1
196,go-mux-api,Add graceful shutdown,The server doesn't handle SIGTERM. Add signal handling to shut down gracefully.,"help wanted, beginner friendly",Go,beginner,api,True,2024-04-08,5,"Add graceful shutdown The server doesn't handle SIGTERM. Add signal handling to shut down gracefully. help wanted, beginner friendly Go api",add grace shutdown server handl sigterm add signal handl shut grace help want beginn friendli go api,1
197,rust-reqwest-example,Add retry logic for transient failures,Network issues cause failures. Add retry with exponential backoff for failed requests.,"good first issue, beginner friendly",Rust,beginner,api,True,2024-01-18,3,"Add retry logic for transient failures Network issues cause failures. Add retry with exponential backoff for failed requests. good first issue, beginner friendly Rust api",add retri logic transient failur network issu caus failur add retri exponenti backoff fail request good first issu beginn friendli rust api,1
199,ruby-active-record,Add missing foreign key constraints,The posts table has user_id but no foreign key. Add the constraint with cascade delete.,"good first issue, easy",Ruby,beginner,database,True,2024-03-14,0,"Add missing foreign key constraints The posts table has user_id but no foreign key. Add the constraint with cascade delete. good first issue, easy Ruby database",add miss foreign key constraint post tabl user id foreign key add constraint cascad delet good first issu easi rubi databas,1
200,cpp-test-framework,Add test case for edge values,The math functions aren't tested with max/min int values. Add test cases for boundaries.,"help wanted, beginner friendly",C++,beginner,testing,True,2024-04-22,4,"Add test case for edge values The math functions aren't tested with max/min int values. Add test cases for boundaries. help wanted, beginner friendly C++ testing",add test case edg valu math function test max min int valu add test case boundari help want beginn friendli c test,1
202,rust-async-std,Replace unwrap with proper error handling,The code uses unwrap everywhere. Replace with proper error propagation using ? and thiserror.,"good first issue, beginner friendly",Rust,beginner,devtools,True,2024-01-29,9,"Replace unwrap with proper error handling The code uses unwrap everywhere. Replace with proper error propagation using ? and thiserror. good first issue, beginner friendly Rust devtools",replac unwrap proper error handl code use unwrap everywher replac proper error propag use thiserror good first issu beginn friendli rust devtool,1
203,lombok-demo,Add builder pattern to User class,The User class has many fields. Add @Builder annotation to simplify object creation.,"good first issue, easy",Java,beginner,devtools,True,2024-03-07,2,"Add builder pattern to User class The User class has many fields. Add @Builder annotation to simplify object creation. good first issue, easy Java devtools",add builder pattern user class user class mani field add builder annot simplifi object creation good first issu easi java devtool,1
204,ruby-capybara,Add test for login flow,The login feature has no integration tests. Add Capybara test for happy path.,"help wanted, beginner friendly",Ruby,beginner,testing,True,2024-04-11,3,"Add test for login flow The login feature has no integration tests. Add Capybara test for happy path. help wanted, beginner friendly Ruby testing",add test login flow login featur integr test add capybara test happi path help want beginn friendli rubi test,1
205,cpp-string-utils,Add trim function,We have ltrim and rtrim but no trim. Implement trim that removes spaces from both ends.,"good first issue, beginner friendly",C++,beginner,devtools,True,2024-02-20,0,"Add trim function We have ltrim and rtrim but no trim. Implement trim that removes spaces from both ends. good first issue, beginner friendly C++ devtools",add trim function ltrim rtrim trim implement trim remov space end good first issu beginn friendli c devtool,1
206,go-embed-files,Use embed for HTML templates,Currently templates are read from disk. Use go:embed to bundle them in binary.,"good first issue, beginner friendly",Go,beginner,devtools,True,2024-03-17,2,"Use embed for HTML templates Currently templates are read from disk. Use go:embed to bundle them in binary. good first issue, beginner friendly Go devtools",use emb html templat current templat read disk use go emb bundl binari good first issu beginn friendli go devtool,1
208,jackson-demo,Handle null fields in JSON serialization,Null fields are currently omitted. Configure Jackson to include them with null values.,"good first issue, easy",Java,beginner,api,True,2024-04-24,1,"Handle null fields in JSON serialization Null fields are currently omitted. Configure Jackson to include them with null values. good first issue, easy Java api",handl null field json serial null field current omit configur jackson includ null valu good first issu easi java api,1
209,ruby-rspec,Add shared examples for models,Several models have similar specs. Extract shared examples to reduce duplication.,"good first issue, beginner friendly",Ruby,beginner,testing,True,2024-02-28,6,"Add shared examples for models Several models have similar specs. Extract shared examples to reduce duplication. good first issue, beginner friendly Ruby testing",add share exampl model sever model similar spec extract share exampl reduc duplic good first issu beginn friendli rubi test,1
210,cpp-makefile,Add install target to Makefile,The Makefile only builds. Add make install to copy binary to /usr/local/bin.,"help wanted, beginner friendly",C++,beginner,devtools,True,2024-03-21,0,"Add install target to Makefile The Makefile only builds. Add make install to copy binary to /usr/local/bin. help wanted, beginner friendly C++ devtools",add instal target makefil makefil build add make instal copi binari usr local bin help want beginn friendli c devtool,1
212,rust-yaml-parser,Support multiline strings,The parser doesn't handle YAML multiline strings with | or >. Add support.,"bug, good first issue",Rust,beginner,devtools,True,2024-01-24,5,"Support multiline strings The parser doesn't handle YAML multiline strings with | or >. Add support. bug, good first issue Rust devtools",support multilin string parser handl yaml multilin string add support bug good first issu rust devtool,1
213,mockito-demo,Add unit tests with mocks,The service layer has no tests. Use Mockito to mock repository and test business logic.,"help wanted, beginner friendly",Java,beginner,testing,True,2024-02-07,8,"Add unit tests with mocks The service layer has no tests. Use Mockito to mock repository and test business logic. help wanted, beginner friendly Java testing",add unit test mock servic layer test use mockito mock repositori test busi logic help want beginn friendli java test,1
215,cpp-crypto,Add constant-time comparison,The string comparison for passwords is vulnerable to timing attacks. Implement constant-time compare.,"good first issue, security",C++,beginner,security,True,2024-04-28,11,"Add constant-time comparison The string comparison for passwords is vulnerable to timing attacks. Implement constant-time compare. good first issue, security C++ security",add constant time comparison string comparison password vulner time attack implement constant time compar good first issu secur c secur,1
217,rust-unicode,Add normalization for user input,User input can have different Unicode forms. Normalize to NFC before processing.,"good first issue, beginner friendly",Rust,beginner,security,True,2024-01-13,2,"Add normalization for user input User input can have different Unicode forms. Normalize to NFC before processing. good first issue, beginner friendly Rust security",add normal user input user input differ unicod form normal nfc process good first issu beginn friendli rust secur,1
218,jdbc-template,Use try-with-resources for connections,Some database operations don't close connections properly. Refactor to use try-with-resources.,"bug, good first issue",Java,beginner,database,True,2024-03-31,4,"Use try-with-resources for connections Some database operations don't close connections properly. Refactor to use try-with-resources. bug, good first issue Java database",use tri resourc connect databas oper close connect properli refactor use tri resourc bug good first issu java databas,1
219,ruby-rack-app,Add Rack middleware for logging,The app doesn't log requests. Create a simple middleware to log method and path.,"good first issue, beginner friendly",Ruby,beginner,api,True,2024-02-26,0,"Add Rack middleware for logging The app doesn't log requests. Create a simple middleware to log method and path. good first issue, beginner friendly Ruby api",add rack middlewar log app log request creat simpl middlewar log method path good first issu beginn friendli rubi api,1
220,cpp-multithreading,Fix data race in counter,Multiple threads increment without synchronization. Add atomic operation or mutex.,"bug, help wanted",C++,beginner,automation,True,2024-04-17,10,"Fix data race in counter Multiple threads increment without synchronization. Add atomic operation or mutex. bug, help wanted C++ automation",fix data race counter multipl thread increment without synchron add atom oper mutex bug help want c autom,1
221,go-cache,Add TTL support,Items stay in cache forever. Add time-to-live with background cleanup goroutine.,"good first issue, beginner friendly",Go,beginner,database,True,2024-01-20,6,"Add TTL support Items stay in cache forever. Add time-to-live with background cleanup goroutine. good first issue, beginner friendly Go database",add ttl support item stay cach forev add time live background cleanup goroutin good first issu beginn friendli go databas,1
222,rust-grep-tool,Add recursive search option,The tool only searches current directory. Add -r flag to search recursively.,"help wanted, beginner friendly",Rust,beginner,cli,True,2024-03-09,2,"Add recursive search option The tool only searches current directory. Add -r flag to search recursively. help wanted, beginner friendly Rust cli",add recurs search option tool search current directori add r flag search recurs help want beginn friendli rust cli,1
223,servlet-api,Add character encoding filter,Requests with UTF-8 characters are garbled. Add filter to set request/response encoding.,"good first issue, beginner friendly",Java,beginner,api,True,2024-04-02,1,"Add character encoding filter Requests with UTF-8 characters are garbled. Add filter to set request/response encoding. good first issue, beginner friendly Java api",add charact encod filter request utf 8 charact garbl add filter set request respons encod good first issu beginn friendli java api,1
224,ruby-thread-pool,Add graceful shutdown,The pool doesn't wait for tasks to finish on shutdown. Implement graceful termination.,"help wanted, beginner friendly",Ruby,beginner,automation,True,2024-02-15,4,"Add graceful shutdown The pool doesn't wait for tasks to finish on shutdown. Implement graceful termination. help wanted, beginner friendly Ruby automation",add grace shutdown pool wait task finish shutdown implement grace termin help want beginn friendli rubi autom,1
225,cpp-cmake,Set C++ standard to C++17 in CMakeLists,The project doesn't specify C++ standard. Add set(CMAKE_CXX_STANDARD 17).,"good first issue, easy",C++,beginner,devtools,True,2024-03-23,0,"Set C++ standard to C++17 in CMakeLists The project doesn't specify C++ standard. Add set(CMAKE_CXX_STANDARD 17). good first issue, easy C++ devtools",set c standard c 17 cmakelist project specifi c standard add set cmake cxx standard 17 good first issu easi c devtool,1
226,go-websocket,Add ping/pong heartbeat,Connections drop without activity. Implement ping/pong to keep alive.,"good first issue, beginner friendly",Go,beginner,api,True,2024-01-27,3,"Add ping/pong heartbeat Connections drop without activity. Implement ping/pong to keep alive. good first issue, beginner friendly Go api",add ping pong heartbeat connect drop without activ implement ping pong keep aliv good first issu beginn friendli go api,1
227,rust-sqlx,Add migration example in README,New users struggle with migrations. Add example showing how to run migrations.,documentation,Rust,beginner,database,True,2024-04-29,1,Add migration example in README New users struggle with migrations. Add example showing how to run migrations. documentation Rust database,add migrat exampl readm new user struggl migrat add exampl show run migrat document rust databas,1
228,spring-security,Add password encoder to UserDetailsService,Passwords are stored in plain text. Configure BCryptPasswordEncoder.,"good first issue, security",Java,beginner,security,True,2024-02-19,7,"Add password encoder to UserDetailsService Passwords are stored in plain text. Configure BCryptPasswordEncoder. good first issue, security Java security",add password encod userdetailsservic password store plain text configur bcryptpasswordencod good first issu secur java secur,1
229,ruby-sidekiq,Add scheduled job for cleanup,We need to clean old records daily. Add a scheduled job that runs every night.,"help wanted, beginner friendly",Ruby,beginner,automation,True,2024-03-13,5,"Add scheduled job for cleanup We need to clean old records daily. Add a scheduled job that runs every night. help wanted, beginner friendly Ruby automation",add schedul job cleanup need clean old record daili add schedul job run everi night help want beginn friendli rubi autom,1
230,cpp-raii,Convert raw pointers to smart pointers,The code uses new/delete. Refactor to use unique_ptr and shared_ptr.,"good first issue, beginner friendly",C++,beginner,devtools,True,2024-04-05,9,"Convert raw pointers to smart pointers The code uses new/delete. Refactor to use unique_ptr and shared_ptr. good first issue, beginner friendly C++ devtools",convert raw pointer smart pointer code use new delet refactor use uniqu ptr share ptr good first issu beginn friendli c devtool,1
231,go-grpc-server,Add reflection for grpcurl,We can't easily call methods from CLI. Enable gRPC server reflection.,"good first issue, beginner friendly",Go,beginner,api,True,2024-01-10,2,"Add reflection for grpcurl We can't easily call methods from CLI. Enable gRPC server reflection. good first issue, beginner friendly Go api",add reflect grpcurl easili call method cli enabl grpc server reflect good first issu beginn friendli go api,1
232,rust-wasm-app,Fix panic in browser console,The WASM module panics on missing DOM element. Check existence before accessing.,"bug, good first issue",Rust,beginner,devtools,True,2024-02-24,3,"Fix panic in browser console The WASM module panics on missing DOM element. Check existence before accessing. bug, good first issue Rust devtools",fix panic browser consol wasm modul panic miss dom element check exist access bug good first issu rust devtool,1
233,java-mail-sender,Add HTML email support,Currently sends plain text only. Add method to send HTML emails with attachments.,"help wanted, beginner friendly",Java,beginner,api,True,2024-03-30,6,"Add HTML email support Currently sends plain text only. Add method to send HTML emails with attachments. help wanted, beginner friendly Java api",add html email support current send plain text add method send html email attach help want beginn friendli java api,1
234,ruby-json-schema,Add JSON schema validation for config,The config file format isn't validated. Use JSON Schema to validate on load.,"good first issue, beginner friendly",Ruby,beginner,devtools,True,2024-04-19,1,"Add JSON schema validation for config The config file format isn't validated. Use JSON Schema to validate on load. good first issue, beginner friendly Ruby devtools",add json schema valid config config file format valid use json schema valid load good first issu beginn friendli rubi devtool,1
235,cpp-iterator,Implement reverse iterator for custom container,The custom vector doesn't support rbegin/rend. Add reverse iterator support.,"help wanted, beginner friendly",C++,beginner,devtools,True,2024-01-04,5,"Implement reverse iterator for custom container The custom vector doesn't support rbegin/rend. Add reverse iterator support. help wanted, beginner friendly C++ devtools",implement revers iter custom contain custom vector support rbegin rend add revers iter support help want beginn friendli c devtool,1
236,go-flag,Add -version flag to print version,The CLI tool can't show its version. Add flag to display version from build info.,"good first issue, easy",Go,beginner,cli,True,2024-02-29,0,"Add -version flag to print version The CLI tool can't show its version. Add flag to display version from build info. good first issue, easy Go cli",add version flag print version cli tool show version add flag display version build info good first issu easi go cli,1
237,rust-env-logger,Allow setting log level via env var,Log level is hardcoded. Use env_logger to read from RUST_LOG environment variable.,"good first issue, beginner friendly",Rust,beginner,devtools,True,2024-03-19,2,"Allow setting log level via env var Log level is hardcoded. Use env_logger to read from RUST_LOG environment variable. good first issue, beginner friendly Rust devtools",allow set log level via env var log level hardcod use env logger read rust log environ variabl good first issu beginn friendli rust devtool,1
238,jpa-criteria,Add Specification for filtering,The repository queries are hardcoded. Implement JPA Specifications for dynamic queries.,"help wanted, beginner friendly",Java,beginner,database,True,2024-04-25,4,"Add Specification for filtering The repository queries are hardcoded. Implement JPA Specifications for dynamic queries. help wanted, beginner friendly Java database",add specif filter repositori queri hardcod implement jpa specif dynam queri help want beginn friendli java databas,1
239,ruby-zeitwerk,Fix autoloading in production,Some classes aren't autoloaded in production. Ensure all directories are in the loader.,"bug, good first issue",Ruby,beginner,devtools,True,2024-02-04,3,"Fix autoloading in production Some classes aren't autoloaded in production. Ensure all directories are in the loader. bug, good first issue Ruby devtools",fix autoload product class autoload product ensur directori loader bug good first issu rubi devtool,1
240,cpp-constexpr,Make factorial function constexpr,The factorial function runs at runtime. Make it constexpr for compile-time evaluation.,"good first issue, beginner friendly",C++,beginner,devtools,True,2024-03-27,0,"Make factorial function constexpr The factorial function runs at runtime. Make it constexpr for compile-time evaluation. good first issue, beginner friendly C++ devtools",make factori function constexpr factori function run runtim make constexpr compil time evalu good first issu beginn friendli c devtool,1
241,go-generics,Add generic filter function,We need a reusable filter for slices. Implement a generic function that works with any type.,"help wanted, beginner friendly",Go,beginner,devtools,True,2024-01-16,4,"Add generic filter function We need a reusable filter for slices. Implement a generic function that works with any type. help wanted, beginner friendly Go devtools",add gener filter function need reusabl filter slice implement gener function work type help want beginn friendli go devtool,1
242,rust-nom-parser,Add error context to parser,Parse errors are cryptic. Add nom's context combinator for better messages.,"good first issue, beginner friendly",Rust,beginner,devtools,True,2024-04-09,3,"Add error context to parser Parse errors are cryptic. Add nom's context combinator for better messages. good first issue, beginner friendly Rust devtools",add error context parser pars error cryptic add nom context combin better messag good first issu beginn friendli rust devtool,1
243,java-streams,Replace loop with stream in report generation,The report code uses for loops. Refactor to use Java streams for readability.,"good first issue, beginner friendly",Java,beginner,devtools,True,2024-02-21,2,"Replace loop with stream in report generation The report code uses for loops. Refactor to use Java streams for readability. good first issue, beginner friendly Java devtools",replac loop stream report gener report code use loop refactor use java stream readabl good first issu beginn friendli java devtool,1
244,ruby-bundler,Update required Ruby version in gemspec,The gemspec still requires 2.5 which is EOL. Update to 2.7+.,"good first issue, easy",Ruby,beginner,devtools,True,2024-03-06,1,"Update required Ruby version in gemspec The gemspec still requires 2.5 which is EOL. Update to 2.7+. good first issue, easy Ruby devtools",updat requir rubi version gemspec gemspec still requir 2 5 eol updat 2 7 good first issu easi rubi devtool,1
246,go-pprof,Add pprof endpoints,We can't profile the app. Add net/http/pprof to expose profiling data.,"good first issue, beginner friendly",Go,beginner,devtools,True,2024-01-23,2,"Add pprof endpoints We can't profile the app. Add net/http/pprof to expose profiling data. good first issue, beginner friendly Go devtools",add pprof endpoint profil app add net http pprof expos profil data good first issu beginn friendli go devtool,1
247,rust-criterion,Add benchmark for sorting functions,We don't know which sort is faster. Add Criterion benchmarks for different algorithms.,"help wanted, beginner friendly",Rust,beginner,testing,True,2024-02-26,4,"Add benchmark for sorting functions We don't know which sort is faster. Add Criterion benchmarks for different algorithms. help wanted, beginner friendly Rust testing",add benchmark sort function know sort faster add criterion benchmark differ algorithm help want beginn friendli rust test,1
248,jsr305,Replace FindBugs annotations with SpotBugs,The project uses deprecated annotations. Update to modern SpotBugs equivalents.,"good first issue, beginner friendly",Java,beginner,devtools,True,2024-03-15,0,"Replace FindBugs annotations with SpotBugs The project uses deprecated annotations. Update to modern SpotBugs equivalents. good first issue, beginner friendly Java devtools",replac findbug annot spotbug project use deprec annot updat modern spotbug equival good first issu beginn friendli java devtool,1
251,go-fiber-app,Add CSRF protection,The app is vulnerable to CSRF. Add middleware with token generation.,"good first issue, security",Go,beginner,security,True,2024-03-11,2,"Add CSRF protection The app is vulnerable to CSRF. Add middleware with token generation. good first issue, security Go security",add csrf protect app vulner csrf add middlewar token gener good first issu secur go secur,1
253,java-optional,Fix potential NullPointerException,The code doesn't check if value is null before using. Use Optional to handle nulls.,"bug, good first issue",Java,beginner,devtools,True,2024-04-27,4,"Fix potential NullPointerException The code doesn't check if value is null before using. Use Optional to handle nulls. bug, good first issue Java devtools",fix potenti nullpointerexcept code check valu null use use option handl null bug good first issu java devtool,1
254,ruby-erb,Fix HTML escaping in templates,User input isn't escaped causing XSS risk. Use ERB::Util.html_escape.,"good first issue, security",Ruby,beginner,security,True,2024-02-17,3,"Fix HTML escaping in templates User input isn't escaped causing XSS risk. Use ERB::Util.html_escape. good first issue, security Ruby security",fix html escap templat user input escap caus xss risk use erb util html escap good first issu secur rubi secur,1
255,cpp-move-semantics,Add move constructor to String class,The custom String class copies even when it could move. Implement move constructor.,"help wanted, beginner friendly",C++,beginner,devtools,True,2024-03-24,9,"Add move constructor to String class The custom String class copies even when it could move. Implement move constructor. help wanted, beginner friendly C++ devtools",add move constructor string class custom string class copi even could move implement move constructor help want beginn friendli c devtool,1
256,go-protobuf,Update protoc version in generate script,The script uses old protoc. Update to latest and adjust import paths.,"good first issue, beginner friendly",Go,beginner,devtools,True,2024-04-03,1,"Update protoc version in generate script The script uses old protoc. Update to latest and adjust import paths. good first issue, beginner friendly Go devtools",updat protoc version gener script script use old protoc updat latest adjust import path good first issu beginn friendli go devtool,1
258,java-assertj,Convert JUnit assertions to AssertJ,Tests use JUnit assertions. Refactor to AssertJ for better readability and failure messages.,"good first issue, beginner friendly",Java,beginner,testing,True,2024-02-09,5,"Convert JUnit assertions to AssertJ Tests use JUnit assertions. Refactor to AssertJ for better readability and failure messages. good first issue, beginner friendly Java testing",convert junit assert assertj test use junit assert refactor assertj better readabl failur messag good first issu beginn friendli java test,1
261,go-atomic,Replace mutex with atomic operations,The counter uses mutex but only increments. Use atomic.AddInt64 for better performance.,"good first issue, beginner friendly",Go,beginner,automation,True,2024-01-30,1,"Replace mutex with atomic operations The counter uses mutex but only increments. Use atomic.AddInt64 for better performance. good first issue, beginner friendly Go automation",replac mutex atom oper counter use mutex increment use atom addint64 better perform good first issu beginn friendli go autom,1
262,rust-bincode,Add bincode serialization to examples,The examples only show JSON. Add example using bincode for binary format.,documentation,Rust,beginner,devtools,True,2024-02-13,2,Add bincode serialization to examples The examples only show JSON. Add example using bincode for binary format. documentation Rust devtools,add bincod serial exampl exampl show json add exampl use bincod binari format document rust devtool,1
263,lombok-constructor,Add @NoArgsConstructor to JPA entities,JPA needs default constructor. Add annotation where missing.,"good first issue, easy",Java,beginner,database,True,2024-03-18,0,"Add @NoArgsConstructor to JPA entities JPA needs default constructor. Add annotation where missing. good first issue, easy Java database",add noargsconstructor jpa entiti jpa need default constructor add annot miss good first issu easi java databas,1
264,ruby-rack-test,Add tests for file upload endpoint,The file upload feature isn't tested. Add Rack::Test with multipart form data.,"help wanted, beginner friendly",Ruby,beginner,testing,True,2024-04-05,4,"Add tests for file upload endpoint The file upload feature isn't tested. Add Rack::Test with multipart form data. help wanted, beginner friendly Ruby testing",add test file upload endpoint file upload featur test add rack test multipart form data help want beginn friendli rubi test,1
266,go-context,Pass context to database calls,The db functions don't respect cancellation. Add context parameter to all db methods.,"good first issue, beginner friendly",Go,beginner,database,True,2024-02-25,7,"Pass context to database calls The db functions don't respect cancellation. Add context parameter to all db methods. good first issue, beginner friendly Go database",pass context databas call db function respect cancel add context paramet db method good first issu beginn friendli go databas,1
267,rust-clippy,Fix clippy warnings in CI,The code has many clippy warnings. Fix the pedantic warnings in the codebase.,"help wanted, beginner friendly",Rust,beginner,devtools,True,2024-03-07,6,"Fix clippy warnings in CI The code has many clippy warnings. Fix the pedantic warnings in the codebase. help wanted, beginner friendly Rust devtools",fix clippi warn ci code mani clippi warn fix pedant warn codebas help want beginn friendli rust devtool,1
268,java-enums,Add toString implementation for Status enum,The enum returns uppercase name. Add toString to return formatted status.,"good first issue, beginner friendly",Java,beginner,devtools,True,2024-04-20,1,"Add toString implementation for Status enum The enum returns uppercase name. Add toString to return formatted status. good first issue, beginner friendly Java devtools",add tostr implement statu enum enum return uppercas name add tostr return format statu good first issu beginn friendli java devtool,1
269,ruby-routes,Clean up routes file,The routes.rb file is messy. Use draw to split into multiple files.,"good first issue, beginner friendly",Ruby,beginner,api,True,2024-02-03,3,"Clean up routes file The routes.rb file is messy. Use draw to split into multiple files. good first issue, beginner friendly Ruby api",clean rout file rout rb file messi use draw split multipl file good first issu beginn friendli rubi api,1
270,cpp-fold-expression,Simplify sum function with fold expression,The variadic template sum is verbose. Use C++17 fold expression.,"help wanted, beginner friendly",C++,beginner,devtools,True,2024-03-26,5,"Simplify sum function with fold expression The variadic template sum is verbose. Use C++17 fold expression. help wanted, beginner friendly C++ devtools",simplifi sum function fold express variad templat sum verbos use c 17 fold express help want beginn friendli c devtool,1
282,vercel/next.js,Support partial prerendering for dynamic route segments,Our marketing site uses Next.js App Router but partial prerendering doesn't work correctly when combined with generateStaticParams for i18n routes. The fallback renders full dynamic content instead of static shell. Documented behavior differs from the Canary implementation.,feature request,JavaScript,intermediate,web,True,2024-08-14,14,Support partial prerendering for dynamic route segments Our marketing site uses Next.js App Router but partial prerendering doesn't work correctly when combined with generateStaticParams for i18n routes. The fallback renders full dynamic content instead of static shell. Documented behavior differs from the Canary implementation. feature request JavaScript web,support partial prerend dynam rout segment market site use next js app router partial prerend work correctli combin generatestaticparam i18n rout fallback render full dynam content instead static shell document behavior differ canari implement featur request javascript web,2
284,golang/go,Expose runtime.GOMAXPROCS change callback for custom schedulers,We're building a custom task scheduler on top of Go and need to react to GOMAXPROCS changes from the runtime. Currently there's no hook after SetMaxProcs. This would allow rebalancing our worker pools without polling.,enhancement,Go,intermediate,devtools,True,2025-03-18,5,Expose runtime.GOMAXPROCS change callback for custom schedulers We're building a custom task scheduler on top of Go and need to react to GOMAXPROCS changes from the runtime. Currently there's no hook after SetMaxProcs. This would allow rebalancing our worker pools without polling. enhancement Go devtools,expos runtim gomaxproc chang callback custom schedul build custom task schedul top go need react gomaxproc chang runtim current hook setmaxproc would allow rebalanc worker pool without poll enhanc go devtool,2
287,angular/angular,Support signal-based forms with async validators,The new signals API in Angular 17+ doesn't integrate cleanly with async validators in reactive forms. The status changes don't propagate correctly to the signal. A dedicated signalFormGroup would solve validation UX in our enterprise forms.,feature request,TypeScript,intermediate,web,True,2024-11-08,13,Support signal-based forms with async validators The new signals API in Angular 17+ doesn't integrate cleanly with async validators in reactive forms. The status changes don't propagate correctly to the signal. A dedicated signalFormGroup would solve validation UX in our enterprise forms. feature request TypeScript web,support signal base form async valid new signal api angular 17 integr cleanli async valid reactiv form statu chang propag correctli signal dedic signalformgroup would solv valid ux enterpris form featur request typescript web,2
291,denoland/deno,Add built-in support for WebAssembly SIMD in Deno runtime,Our ML inference service uses WASM but Deno doesn't expose SIMD instructions yet. The current wasm32 target misses performance gains. Enabling the feature flag by default for deno task would help edge compute use cases.,feature request,TypeScript,intermediate,ml,True,2024-09-15,21,Add built-in support for WebAssembly SIMD in Deno runtime Our ML inference service uses WASM but Deno doesn't expose SIMD instructions yet. The current wasm32 target misses performance gains. Enabling the feature flag by default for deno task would help edge compute use cases. feature request TypeScript ml,add built support webassembl simd deno runtim ml infer servic use wasm deno expos simd instruct yet current wasm32 target miss perform gain enabl featur flag default deno task would help edg comput use case featur request typescript ml,2
294,react-router/react-router,Implement data routers with optimistic UI for nested routes,Data routers in React Router v6.4+ don't support optimistic updates for nested layouts. Our dashboard has deeply nested routes where stale data flashes during mutations. Adding useOptimistic hook would clean this up.,feature request,JavaScript,intermediate,web,True,2024-04-17,16,Implement data routers with optimistic UI for nested routes Data routers in React Router v6.4+ don't support optimistic updates for nested layouts. Our dashboard has deeply nested routes where stale data flashes during mutations. Adding useOptimistic hook would clean this up. feature request JavaScript web,implement data router optimist ui nest rout data router react router v6 4 support optimist updat nest layout dashboard deepli nest rout stale data flash mutat ad useoptimist hook would clean featur request javascript web,2
295,prisma/prisma,Generate type-safe Prisma Client for dynamic model names at runtime,In our admin panel we need to query models by string name but the generated client only supports static imports. A Prisma.DynamicClient helper would enable meta-programming without losing types.,help wanted,TypeScript,intermediate,database,True,2024-08-02,11,Generate type-safe Prisma Client for dynamic model names at runtime In our admin panel we need to query models by string name but the generated client only supports static imports. A Prisma.DynamicClient helper would enable meta-programming without losing types. help wanted TypeScript database,gener type safe prisma client dynam model name runtim admin panel need queri model string name gener client support static import prisma dynamiccli helper would enabl meta program without lose type help want typescript databas,2
299,microsoft/TypeScript,Improve error messages for infer constraints in conditional types,The current TS error for failed infer constraints is generic and doesn't show the actual mismatched type. Our library users spend hours debugging. Including the actual type in the message would improve DX.,refactor,TypeScript,intermediate,devtools,True,2024-07-10,18,Improve error messages for infer constraints in conditional types The current TS error for failed infer constraints is generic and doesn't show the actual mismatched type. Our library users spend hours debugging. Including the actual type in the message would improve DX. refactor TypeScript devtools,improv error messag infer constraint condit type current ts error fail infer constraint gener show actual mismatch type librari user spend hour debug includ actual type messag would improv dx refactor typescript devtool,2
301,hibernate/hibernate-orm,Support for @Formula with window functions in entity mappings,Our analytics entities use @Formula with RANK() OVER but Hibernate doesn't translate it correctly for MySQL. The generated SQL misses parentheses. Extending Dialect would solve reporting queries.,enhancement,Java,intermediate,database,True,2025-03-12,5,Support for @Formula with window functions in entity mappings Our analytics entities use @Formula with RANK() OVER but Hibernate doesn't translate it correctly for MySQL. The generated SQL misses parentheses. Extending Dialect would solve reporting queries. enhancement Java database,support formula window function entiti map analyt entiti use formula rank hibern translat correctli mysql gener sql miss parenthes extend dialect would solv report queri enhanc java databas,2
304,nestjs/nest,Implement interceptors for GraphQL subscription events,The current NestJS GraphQL module lacks interceptors for subscription payloads. Our real-time features need auth checks on every event. Adding @UseInterceptors on @Subscription would complete the feature parity with queries.,refactor,TypeScript,intermediate,api,True,2024-12-18,8,Implement interceptors for GraphQL subscription events The current NestJS GraphQL module lacks interceptors for subscription payloads. Our real-time features need auth checks on every event. Adding @UseInterceptors on @Subscription would complete the feature parity with queries. refactor TypeScript api,implement interceptor graphql subscript event current nestj graphql modul lack interceptor subscript payload real time featur need auth check everi event ad useinterceptor subscript would complet featur pariti queri refactor typescript api,2
306,flask/flask,Add async support for before_request hooks with context vars,Our Flask 2.3+ app uses async views but before_request hooks run sync causing blocking. ContextVars don't propagate correctly. Official async hook support would fix this.,enhancement,Python,intermediate,web,True,2024-06-15,6,Add async support for before_request hooks with context vars Our Flask 2.3+ app uses async views but before_request hooks run sync causing blocking. ContextVars don't propagate correctly. Official async hook support would fix this. enhancement Python web,add async support request hook context var flask 2 3 app use async view request hook run sync caus block contextvar propag correctli offici async hook support would fix enhanc python web,2
308,golang/go,Expose net/http Server graceful shutdown timeout per listener,Our Go service has multiple listeners but graceful shutdown uses a global timeout. Per-listener config would allow staggered shutdowns for blue-green deploys.,feature request,Go,intermediate,devtools,True,2024-10-28,4,Expose net/http Server graceful shutdown timeout per listener Our Go service has multiple listeners but graceful shutdown uses a global timeout. Per-listener config would allow staggered shutdowns for blue-green deploys. feature request Go devtools,expos net http server grace shutdown timeout per listen go servic multipl listen grace shutdown use global timeout per listen config would allow stagger shutdown blue green deploy featur request go devtool,2
309,quarkusio/quarkus,Support SmallRye Health UI with custom check groups,The Quarkus health UI doesn't allow filtering checks by group tags. Our microservices have 50+ checks and the UI becomes unusable. Adding group support would improve ops dashboards.,enhancement,Java,intermediate,devtools,True,2025-04-15,7,Support SmallRye Health UI with custom check groups The Quarkus health UI doesn't allow filtering checks by group tags. Our microservices have 50+ checks and the UI becomes unusable. Adding group support would improve ops dashboards. enhancement Java devtools,support smallry health ui custom check group quarku health ui allow filter check group tag microservic 50 check ui becom unus ad group support would improv op dashboard enhanc java devtool,2
311,pandas-dev/pandas,Implement rolling quantile with interpolation options for time-series,The current rolling.quantile doesn't expose the interpolation param like scipy. Our financial models need 'midpoint' for accurate VaR calculation. This small addition would help.,feature request,Python,intermediate,ml,True,2024-07-05,11,Implement rolling quantile with interpolation options for time-series The current rolling.quantile doesn't expose the interpolation param like scipy. Our financial models need 'midpoint' for accurate VaR calculation. This small addition would help. feature request Python ml,implement roll quantil interpol option time seri current roll quantil expos interpol param like scipi financi model need midpoint accur var calcul small addit would help featur request python ml,2
313,gin-gonic/gin,Add built-in OpenTelemetry tracing middleware with baggage,The current Gin middleware for tracing doesn't propagate baggage context. Our distributed services lose correlation IDs. Official support would reduce custom code.,enhancement,Go,intermediate,devtools,True,2025-02-05,3,Add built-in OpenTelemetry tracing middleware with baggage The current Gin middleware for tracing doesn't propagate baggage context. Our distributed services lose correlation IDs. Official support would reduce custom code. enhancement Go devtools,add built opentelemetri trace middlewar baggag current gin middlewar trace propag baggag context distribut servic lose correl id offici support would reduc custom code enhanc go devtool,2
314,spring-projects/spring-boot,Provide @ConditionalOnBean for configuration properties classes,Our Spring Boot modules use @ConfigurationProperties but conditional loading based on another bean isn't straightforward. Adding a dedicated annotation would simplify modular apps.,enhancement,Java,intermediate,devtools,True,2024-03-10,9,Provide @ConditionalOnBean for configuration properties classes Our Spring Boot modules use @ConfigurationProperties but conditional loading based on another bean isn't straightforward. Adding a dedicated annotation would simplify modular apps. enhancement Java devtools,provid conditionalonbean configur properti class spring boot modul use configurationproperti condit load base anoth bean straightforward ad dedic annot would simplifi modular app enhanc java devtool,2
315,facebook/react,Improve error boundaries with async component support in React 19,Error boundaries don't catch errors in async components properly during initial render. Our suspense-heavy app shows unhandled promises. Updating the boundary logic would help.,bug,JavaScript,intermediate,web,True,2024-09-08,20,Improve error boundaries with async component support in React 19 Error boundaries don't catch errors in async components properly during initial render. Our suspense-heavy app shows unhandled promises. Updating the boundary logic would help. bug JavaScript web,improv error boundari async compon support react 19 error boundari catch error async compon properli initi render suspens heavi app show unhandl promis updat boundari logic would help bug javascript web,2
317,kubernetes/kubernetes,Add kubectl top with custom resource metrics from Prometheus,The current kubectl top only uses core metrics server but our clusters expose custom Prometheus metrics. Extending the command would help ops teams.,enhancement,Go,intermediate,devtools,True,2025-01-10,8,Add kubectl top with custom resource metrics from Prometheus The current kubectl top only uses core metrics server but our clusters expose custom Prometheus metrics. Extending the command would help ops teams. enhancement Go devtools,add kubectl top custom resourc metric prometheu current kubectl top use core metric server cluster expos custom prometheu metric extend command would help op team enhanc go devtool,2
319,fastapi/fastapi,Add WebSocket dependency injection for connection state,WebSocket endpoints don't support Depends for per-connection state cleanly. Our chat app duplicates logic. A WebSocketDepends class would standardize it.,refactor,Python,intermediate,api,True,2024-08-18,12,Add WebSocket dependency injection for connection state WebSocket endpoints don't support Depends for per-connection state cleanly. Our chat app duplicates logic. A WebSocketDepends class would standardize it. refactor Python api,add websocket depend inject connect state websocket endpoint support depend per connect state cleanli chat app duplic logic websocketdepend class would standard refactor python api,2
323,golang/go,Support generics in net/http HandlerFunc for typed responses,The current HandlerFunc doesn't support generics for response types. Our internal framework duplicates code. Adding a generic wrapper would improve type safety.,feature request,Go,intermediate,api,True,2024-11-20,7,Support generics in net/http HandlerFunc for typed responses The current HandlerFunc doesn't support generics for response types. Our internal framework duplicates code. Adding a generic wrapper would improve type safety. feature request Go api,support gener net http handlerfunc type respons current handlerfunc support gener respons type intern framework duplic code ad gener wrapper would improv type safeti featur request go api,2
324,quarkusio/quarkus,Integrate SmallRye GraphQL with Panache reactive entities,GraphQL queries don't automatically map to Panache reactive repositories. Our API layer needs manual mapping. Native integration would simplify.,enhancement,Java,intermediate,api,True,2025-02-20,6,Integrate SmallRye GraphQL with Panache reactive entities GraphQL queries don't automatically map to Panache reactive repositories. Our API layer needs manual mapping. Native integration would simplify. enhancement Java api,integr smallry graphql panach reactiv entiti graphql queri automat map panach reactiv repositori api layer need manual map nativ integr would simplifi enhanc java api,2
326,pandas-dev/pandas,Enhance read_sql with support for async SQLAlchemy engines,The current read_sql blocks on async engines. Our data pipeline uses async but falls back to sync. Native async support would prevent thread pool exhaustion.,performance,Python,intermediate,database,True,2024-05-15,13,Enhance read_sql with support for async SQLAlchemy engines The current read_sql blocks on async engines. Our data pipeline uses async but falls back to sync. Native async support would prevent thread pool exhaustion. performance Python database,enhanc read sql support async sqlalchemi engin current read sql block async engin data pipelin use async fall back sync nativ async support would prevent thread pool exhaust perform python databas,2
327,facebook/react,Add useDeferredValue with priority hints for concurrent rendering,The useDeferredValue doesn't accept priority hints like useTransition. Our heavy charts lag during navigation. Extending the API would improve UX.,feature request,JavaScript,intermediate,web,True,2024-09-20,18,Add useDeferredValue with priority hints for concurrent rendering The useDeferredValue doesn't accept priority hints like useTransition. Our heavy charts lag during navigation. Extending the API would improve UX. feature request JavaScript web,add usedeferredvalu prioriti hint concurr render usedeferredvalu accept prioriti hint like usetransit heavi chart lag navig extend api would improv ux featur request javascript web,2
328,denoland/deno,Expose Deno.permissions.request for runtime permission prompts,Our CLI tools need dynamic permission requests but the API is static. Adding request method would align with browser permissions.,enhancement,TypeScript,intermediate,devtools,True,2024-12-28,4,Expose Deno.permissions.request for runtime permission prompts Our CLI tools need dynamic permission requests but the API is static. Adding request method would align with browser permissions. enhancement TypeScript devtools,expos deno permiss request runtim permiss prompt cli tool need dynam permiss request api static ad request method would align browser permiss enhanc typescript devtool,2
329,kubernetes/kubernetes,Improve kubectl explain with versioned examples,The explain command shows generic examples but not version-specific for CRDs. Our operators need better docs integration.,help wanted,Go,intermediate,devtools,True,2025-01-28,3,Improve kubectl explain with versioned examples The explain command shows generic examples but not version-specific for CRDs. Our operators need better docs integration. help wanted Go devtools,improv kubectl explain version exampl explain command show gener exampl version specif crd oper need better doc integr help want go devtool,2
332,vercel/next.js,Support ISR with custom cache handlers for edge runtimes,Incremental Static Regeneration doesn't allow custom cache backends on edge. Our global CDN setup needs this.,performance,JavaScript,intermediate,web,True,2024-11-10,15,Support ISR with custom cache handlers for edge runtimes Incremental Static Regeneration doesn't allow custom cache backends on edge. Our global CDN setup needs this. performance JavaScript web,support isr custom cach handler edg runtim increment static regener allow custom cach backend edg global cdn setup need perform javascript web,2
333,numpy/numpy,Implement np.unique with return_inverse for object dtype,The current unique doesn't support return_inverse for non-numeric. Our NLP preprocessing needs it for token vocab.,feature request,Python,intermediate,ml,True,2025-04-10,5,Implement np.unique with return_inverse for object dtype The current unique doesn't support return_inverse for non-numeric. Our NLP preprocessing needs it for token vocab. feature request Python ml,implement np uniqu return invers object dtype current uniqu support return invers non numer nlp preprocess need token vocab featur request python ml,2
335,golang/go,Add sync.Cond with context cancellation support,The current Cond doesn't integrate with context for wait cancellation. Our worker pools have to use extra channels.,enhancement,Go,intermediate,devtools,True,2024-08-05,8,Add sync.Cond with context cancellation support The current Cond doesn't integrate with context for wait cancellation. Our worker pools have to use extra channels. enhancement Go devtools,add sync cond context cancel support current cond integr context wait cancel worker pool use extra channel enhanc go devtool,2
337,prisma/prisma,Add support for Prisma Studio theming and custom branding,Prisma Studio is great but lacks theming for enterprise branding. Our internal tools need dark mode consistency.,feature request,TypeScript,intermediate,devtools,True,2025-03-05,6,Add support for Prisma Studio theming and custom branding Prisma Studio is great but lacks theming for enterprise branding. Our internal tools need dark mode consistency. feature request TypeScript devtools,add support prisma studio theme custom brand prisma studio great lack theme enterpris brand intern tool need dark mode consist featur request typescript devtool,2
338,pandas-dev/pandas,Optimize Styler for large DataFrames with conditional formatting,The Styler slows down dramatically above 10k rows with custom formatters. Our reporting needs faster HTML export.,performance,Python,intermediate,ml,True,2024-06-20,14,Optimize Styler for large DataFrames with conditional formatting The Styler slows down dramatically above 10k rows with custom formatters. Our reporting needs faster HTML export. performance Python ml,optim styler larg datafram condit format styler slow dramat 10k row custom formatt report need faster html export perform python ml,2
339,facebook/react,Implement useId with stable IDs across server/client for portals,The useId generates different IDs on server vs client for portals causing hydration mismatches. Our modals break.,bug,JavaScript,intermediate,web,True,2024-09-05,19,Implement useId with stable IDs across server/client for portals The useId generates different IDs on server vs client for portals causing hydration mismatches. Our modals break. bug JavaScript web,implement useid stabl id across server client portal useid gener differ id server vs client portal caus hydrat mismatch modal break bug javascript web,2
340,denoland/deno,Add Deno.test with built-in snapshot testing for objects,The current testing lacks deep object snapshots like Jest. Our component library tests are verbose.,enhancement,TypeScript,intermediate,testing,True,2024-12-15,7,Add Deno.test with built-in snapshot testing for objects The current testing lacks deep object snapshots like Jest. Our component library tests are verbose. enhancement TypeScript testing,add deno test built snapshot test object current test lack deep object snapshot like jest compon librari test verbos enhanc typescript test,2
341,kubernetes/kubernetes,Extend kubectl get with custom column sorting for CRDs,The get command sorting doesn't work for stringified JSON columns in CRDs. Our monitoring needs better CLI views.,refactor,Go,intermediate,devtools,True,2025-01-15,4,Extend kubectl get with custom column sorting for CRDs The get command sorting doesn't work for stringified JSON columns in CRDs. Our monitoring needs better CLI views. refactor Go devtools,extend kubectl get custom column sort crd get command sort work stringifi json column crd monitor need better cli view refactor go devtool,2
343,fastapi/fastapi,Provide lifespan context manager for background scheduler integration,Integrating APScheduler requires manual lifespan handling. A built-in scheduler context would simplify cron jobs.,feature request,Python,intermediate,devtools,True,2024-07-30,9,Provide lifespan context manager for background scheduler integration Integrating APScheduler requires manual lifespan handling. A built-in scheduler context would simplify cron jobs. feature request Python devtools,provid lifespan context manag background schedul integr integr apschedul requir manual lifespan handl built schedul context would simplifi cron job featur request python devtool,2
344,vercel/next.js,Add route segment config for experimental PPR in layout files,Partial Prerendering config is only at page level but our layouts need per-segment control. This limits adoption.,enhancement,JavaScript,intermediate,web,True,2024-11-25,13,Add route segment config for experimental PPR in layout files Partial Prerendering config is only at page level but our layouts need per-segment control. This limits adoption. enhancement JavaScript web,add rout segment config experiment ppr layout file partial prerend config page level layout need per segment control limit adopt enhanc javascript web,2
345,numpy/numpy,Add support for np.fft with real-valued input optimizations,The FFT functions don't auto-detect real input for faster rfft path. Our signal processing pipeline misses speedups.,performance,Python,intermediate,ml,True,2025-02-15,5,Add support for np.fft with real-valued input optimizations The FFT functions don't auto-detect real input for faster rfft path. Our signal processing pipeline misses speedups. performance Python ml,add support np fft real valu input optim fft function auto detect real input faster rfft path signal process pipelin miss speedup perform python ml,2
346,microsoft/TypeScript,Improve union type narrowing with literal template keys,Literal template types in unions don't narrow correctly in switch statements. Our router code has many type guards.,refactor,TypeScript,intermediate,devtools,True,2024-03-15,11,Improve union type narrowing with literal template keys Literal template types in unions don't narrow correctly in switch statements. Our router code has many type guards. refactor TypeScript devtools,improv union type narrow liter templat key liter templat type union narrow correctli switch statement router code mani type guard refactor typescript devtool,2
347,golang/go,Support io/fs with embedded FS for http.FileServer caching,The embedded FS doesn't provide ETag headers automatically. Our static asset serving needs better caching.,enhancement,Go,intermediate,web,True,2024-08-25,8,Support io/fs with embedded FS for http.FileServer caching The embedded FS doesn't provide ETag headers automatically. Our static asset serving needs better caching. enhancement Go web,support io fs embed fs http fileserv cach embed fs provid etag header automat static asset serv need better cach enhanc go web,2
348,quarkusio/quarkus,Integrate OIDC with Keycloak admin client for dynamic client registration,The OIDC extension doesn't expose admin client for runtime registration. Our SaaS onboarding needs this.,security,Java,intermediate,security,True,2024-10-25,6,Integrate OIDC with Keycloak admin client for dynamic client registration The OIDC extension doesn't expose admin client for runtime registration. Our SaaS onboarding needs this. security Java security,integr oidc keycloak admin client dynam client registr oidc extens expos admin client runtim registr saa onboard need secur java secur,2
349,prisma/prisma,Support for extended client with batch transaction limits,The extended client doesn't respect max batch size for transactions. Our bulk operations hit limits unexpectedly.,performance,TypeScript,intermediate,database,True,2025-03-15,3,Support for extended client with batch transaction limits The extended client doesn't respect max batch size for transactions. Our bulk operations hit limits unexpectedly. performance TypeScript database,support extend client batch transact limit extend client respect max batch size transact bulk oper hit limit unexpectedli perform typescript databas,2
350,pandas-dev/pandas,Implement DataFrame.ewm with custom alpha decay functions,The ewm only supports fixed com/span but our forecasting needs custom decay. Adding callable alpha would help.,feature request,Python,intermediate,ml,True,2024-05-25,16,Implement DataFrame.ewm with custom alpha decay functions The ewm only supports fixed com/span but our forecasting needs custom decay. Adding callable alpha would help. feature request Python ml,implement datafram ewm custom alpha decay function ewm support fix com span forecast need custom decay ad callabl alpha would help featur request python ml,2
352,denoland/deno,Expose Deno.version for runtime compatibility checks in scripts,Scripts can't easily check Deno version without parsing user agent. A global Deno.version would simplify polyfills.,enhancement,TypeScript,intermediate,devtools,True,2024-12-20,7,Expose Deno.version for runtime compatibility checks in scripts Scripts can't easily check Deno version without parsing user agent. A global Deno.version would simplify polyfills. enhancement TypeScript devtools,expos deno version runtim compat check script script easili check deno version without pars user agent global deno version would simplifi polyfil enhanc typescript devtool,2
354,hibernate/hibernate-orm,Support for natural id caching with soft locks,The natural ID cache doesn't handle concurrent updates with soft locks. Our high-contention entities have stale reads.,performance,Java,intermediate,database,True,2024-04-10,12,Support for natural id caching with soft locks The natural ID cache doesn't handle concurrent updates with soft locks. Our high-contention entities have stale reads. performance Java database,support natur id cach soft lock natur id cach handl concurr updat soft lock high content entiti stale read perform java databas,2
355,fastapi/fastapi,Add dependency caching for repeated calls within request scope,Dependencies recompute even when cached=True in some nested cases. Our auth layer duplicates DB calls.,refactor,Python,intermediate,api,True,2024-07-20,10,Add dependency caching for repeated calls within request scope Dependencies recompute even when cached=True in some nested cases. Our auth layer duplicates DB calls. refactor Python api,add depend cach repeat call within request scope depend recomput even cach true nest case auth layer duplic db call refactor python api,2
356,vercel/next.js,Support dynamic imports with SSR false in app router layouts,The dynamic import SSR:false doesn't work in root layouts for third-party widgets. Our analytics break.,bug,JavaScript,intermediate,web,True,2024-11-30,14,Support dynamic imports with SSR false in app router layouts The dynamic import SSR:false doesn't work in root layouts for third-party widgets. Our analytics break. bug JavaScript web,support dynam import ssr fals app router layout dynam import ssr fals work root layout third parti widget analyt break bug javascript web,2
357,numpy/numpy,Add np.histogram2d with density normalization option,The histogram2d lacks density param like histogram1d. Our scientific plots need normalized output.,enhancement,Python,intermediate,ml,True,2025-02-25,4,Add np.histogram2d with density normalization option The histogram2d lacks density param like histogram1d. Our scientific plots need normalized output. enhancement Python ml,add np histogram2d densiti normal option histogram2d lack densiti param like histogram1d scientif plot need normal output enhanc python ml,2
358,microsoft/TypeScript,Fix excess property checking for discriminated unions with index signatures,Excess properties slip through in discriminated unions with index signatures. Our form validators have false positives.,bug,TypeScript,intermediate,devtools,True,2024-03-25,15,Fix excess property checking for discriminated unions with index signatures Excess properties slip through in discriminated unions with index signatures. Our form validators have false positives. bug TypeScript devtools,fix excess properti check discrimin union index signatur excess properti slip discrimin union index signatur form valid fals posit bug typescript devtool,2
359,golang/go,Implement context.WithTimeoutCause for better error wrapping,The current WithTimeout doesn't attach cause properly for debugging. Our timeout handling is verbose.,refactor,Go,intermediate,devtools,True,2024-08-10,8,Implement context.WithTimeoutCause for better error wrapping The current WithTimeout doesn't attach cause properly for debugging. Our timeout handling is verbose. refactor Go devtools,implement context withtimeoutcaus better error wrap current withtimeout attach caus properli debug timeout handl verbos refactor go devtool,2
360,quarkusio/quarkus,Support RESTEasy Reactive with SSE and backpressure,The SSE implementation doesn't respect backpressure from subscribers. Our event streams overload clients.,performance,Java,intermediate,api,True,2024-10-30,5,Support RESTEasy Reactive with SSE and backpressure The SSE implementation doesn't respect backpressure from subscribers. Our event streams overload clients. performance Java api,support resteasi reactiv sse backpressur sse implement respect backpressur subscrib event stream overload client perform java api,2
361,prisma/prisma,Add middleware for query logging with custom formatters,The current logging is fixed format but our ELK stack needs structured JSON. Custom middleware would help.,enhancement,TypeScript,intermediate,devtools,True,2025-03-20,6,Add middleware for query logging with custom formatters The current logging is fixed format but our ELK stack needs structured JSON. Custom middleware would help. enhancement TypeScript devtools,add middlewar queri log custom formatt current log fix format elk stack need structur json custom middlewar would help enhanc typescript devtool,2
362,pandas-dev/pandas,Support read_parquet with partitioned datasets and hive schema inference,The read_parquet ignores hive partitioning metadata in some cases. Our data lake queries fail.,bug,Python,intermediate,database,True,2024-06-05,13,Support read_parquet with partitioned datasets and hive schema inference The read_parquet ignores hive partitioning metadata in some cases. Our data lake queries fail. bug Python database,support read parquet partit dataset hive schema infer read parquet ignor hive partit metadata case data lake queri fail bug python databas,2
363,facebook/react,Implement useActionState with server actions and optimistic updates,The new useActionState doesn't integrate optimistic updates natively. Our forms show stale state during submission.,feature request,JavaScript,intermediate,web,True,2024-09-15,17,Implement useActionState with server actions and optimistic updates The new useActionState doesn't integrate optimistic updates natively. Our forms show stale state during submission. feature request JavaScript web,implement useactionst server action optimist updat new useactionst integr optimist updat nativ form show stale state submiss featur request javascript web,2
364,denoland/deno,Add Deno.makeTempDir with custom prefix/suffix options,The temp dir API is basic and doesn't support prefixes like os.tmpdir. Our test runners need better isolation.,enhancement,TypeScript,intermediate,devtools,True,2024-12-25,3,Add Deno.makeTempDir with custom prefix/suffix options The temp dir API is basic and doesn't support prefixes like os.tmpdir. Our test runners need better isolation. enhancement TypeScript devtools,add deno maketempdir custom prefix suffix option temp dir api basic support prefix like os tmpdir test runner need better isol enhanc typescript devtool,2
365,kubernetes/kubernetes,Extend kubectl logs with tail and since-time for multiple containers,The logs command requires separate calls for multi-container pods. A combined flag would simplify debugging.,help wanted,Go,intermediate,devtools,True,2025-01-25,11,Extend kubectl logs with tail and since-time for multiple containers The logs command requires separate calls for multi-container pods. A combined flag would simplify debugging. help wanted Go devtools,extend kubectl log tail sinc time multipl contain log command requir separ call multi contain pod combin flag would simplifi debug help want go devtool,2
366,hibernate/hibernate-orm,Support @Cacheable with region per entity subclass,The second level cache doesn't allow per-subclass regions easily. Our polymorphic entities have cache thrashing.,performance,Java,intermediate,database,True,2024-04-15,7,Support @Cacheable with region per entity subclass The second level cache doesn't allow per-subclass regions easily. Our polymorphic entities have cache thrashing. performance Java database,support cacheabl region per entiti subclass second level cach allow per subclass region easili polymorph entiti cach thrash perform java databas,2
367,fastapi/fastapi,Provide automatic 422 validation error customization per endpoint,The global 422 handler can't be overridden per route easily. Our API needs custom messages.,refactor,Python,intermediate,api,True,2024-08-15,9,Provide automatic 422 validation error customization per endpoint The global 422 handler can't be overridden per route easily. Our API needs custom messages. refactor Python api,provid automat 422 valid error custom per endpoint global 422 handler overridden per rout easili api need custom messag refactor python api,2
368,vercel/next.js,Support static generation with fetch cache: 'force-cache' in middleware,Middleware fetch calls ignore cache config for static exports. Our auth checks are always dynamic.,bug,JavaScript,intermediate,web,True,2024-12-05,12,Support static generation with fetch cache: 'force-cache' in middleware Middleware fetch calls ignore cache config for static exports. Our auth checks are always dynamic. bug JavaScript web,support static gener fetch cach forc cach middlewar middlewar fetch call ignor cach config static export auth check alway dynam bug javascript web,2
369,numpy/numpy,Implement np.corrcoef with rowvar=False default for pandas compatibility,The corrcoef default rowvar confuses pandas users migrating code. A pandas-friendly alias would help.,enhancement,Python,intermediate,ml,True,2025-03-30,4,Implement np.corrcoef with rowvar=False default for pandas compatibility The corrcoef default rowvar confuses pandas users migrating code. A pandas-friendly alias would help. enhancement Python ml,implement np corrcoef rowvar fals default panda compat corrcoef default rowvar confus panda user migrat code panda friendli alia would help enhanc python ml,2
371,rust-lang/tokio,Deadlock in async runtime when combining select! with nested spawns,The select! macro exhibits a deadlock condition when a nested spawn inside one of its branches attempts to acquire a mutex held by the outer task. This reproduces consistently under high concurrency with more than 16 worker threads. The root cause appears to be in the task-stealing scheduler failing to yield correctly when a waker is dropped mid-poll. We have traced it to the park_timeout path in runtime/src/park.rs. A minimal reproducer is attached showing the issue with a 2-branch select! and a shared Arc<Mutex<T>>. This blocks our production migration to async-first architecture.,architecture;performance,Rust,advanced,async;concurrency;runtime,True,3/15/2024,22,Deadlock in async runtime when combining select! with nested spawns The select! macro exhibits a deadlock condition when a nested spawn inside one of its branches attempts to acquire a mutex held by the outer task. This reproduces consistently under high concurrency with more than 16 worker threads. The root cause appears to be in the task-stealing scheduler failing to yield correctly when a waker is dropped mid-poll. We have traced it to the park_timeout path in runtime/src/park.rs. A minimal reproducer is attached showing the issue with a 2-branch select! and a shared Arc<Mutex<T>>. This blocks our production migration to async-first architecture. architecture;performance Rust async;concurrency;runtime,deadlock async runtim combin select nest spawn select macro exhibit deadlock condit nest spawn insid one branch attempt acquir mutex held outer task reproduc consist high concurr 16 worker thread root caus appear task steal schedul fail yield correctli waker drop mid poll trace park timeout path runtim src park rs minim reproduc attach show issu 2 branch select share arc mutex block product migrat async first architectur architectur perform rust async concurr runtim,3
372,golang/go,net/http: Connection pool exhaustion under sustained load with HTTP/2 multiplexing,Under sustained load with HTTP/2 enabled the connection pool silently exhausts without returning errors to callers. The Transport.MaxConnsPerHost setting is respected initially but after approximately 10k requests the pool starts leaking connections that are never returned. Profiling with pprof shows goroutines stuck in persistConn.writeRequest indefinitely. We believe the issue is related to RST_STREAM frames not being processed when the write buffer is full. This is a regression introduced in Go 1.22.3 based on our bisect results.,performance;breaking change,Go,advanced,networking;http2;concurrency,True,5/20/2024,35,net/http: Connection pool exhaustion under sustained load with HTTP/2 multiplexing Under sustained load with HTTP/2 enabled the connection pool silently exhausts without returning errors to callers. The Transport.MaxConnsPerHost setting is respected initially but after approximately 10k requests the pool starts leaking connections that are never returned. Profiling with pprof shows goroutines stuck in persistConn.writeRequest indefinitely. We believe the issue is related to RST_STREAM frames not being processed when the write buffer is full. This is a regression introduced in Go 1.22.3 based on our bisect results. performance;breaking change Go networking;http2;concurrency,net http connect pool exhaust sustain load http 2 multiplex sustain load http 2 enabl connect pool silent exhaust without return error caller transport maxconnsperhost set respect initi approxim 10k request pool start leak connect never return profil pprof show goroutin stuck persistconn writerequest indefinit believ issu relat rst stream frame process write buffer full regress introduc go 1 22 3 base bisect result perform break chang go network http2 concurr,3
373,microsoft/typescript,Conditional type inference breaks with recursive mapped types in strict mode,When using a recursive mapped type combined with a conditional type that has an infer clause TypeScript 5.4 produces incorrect narrowing in strict mode. The inferred type is widened to unknown instead of correctly resolving the recursive branch. This worked correctly in TypeScript 5.2. The regression appears to be related to the changes in variance inference introduced in the 5.3 cycle. A repro is available on the TypeScript Playground demonstrating the incorrect never propagation through three levels of recursion.,breaking change;architecture,TypeScript,advanced,type-system;inference;generics,True,6/11/2024,18,Conditional type inference breaks with recursive mapped types in strict mode When using a recursive mapped type combined with a conditional type that has an infer clause TypeScript 5.4 produces incorrect narrowing in strict mode. The inferred type is widened to unknown instead of correctly resolving the recursive branch. This worked correctly in TypeScript 5.2. The regression appears to be related to the changes in variance inference introduced in the 5.3 cycle. A repro is available on the TypeScript Playground demonstrating the incorrect never propagation through three levels of recursion. breaking change;architecture TypeScript type-system;inference;generics,condit type infer break recurs map type strict mode use recurs map type combin condit type infer claus typescript 5 4 produc incorrect narrow strict mode infer type widen unknown instead correctli resolv recurs branch work correctli typescript 5 2 regress appear relat chang varianc infer introduc 5 3 cycl repro avail typescript playground demonstr incorrect never propag three level recurs break chang architectur typescript type system infer gener,3
375,openssl/openssl,Timing side-channel in RSA-OAEP decryption path under constant-time bypass,Our security team identified a timing side-channel in the RSA-OAEP decryption code path that can be triggered when the hardware acceleration fallback is activated. The RSA_padding_check_PKCS1_OAEP_mgf1 function does not maintain constant-time behavior when the MGF1 hash mismatch occurs in the accelerated path. This was discovered using a Manger-style timing oracle attack in a lab environment with 10^6 decryption queries. We are responsibly disclosing this after coordinating with the security team per the published process.,security,C++,advanced,cryptography;side-channel;rsa,True,7/3/2024,12,Timing side-channel in RSA-OAEP decryption path under constant-time bypass Our security team identified a timing side-channel in the RSA-OAEP decryption code path that can be triggered when the hardware acceleration fallback is activated. The RSA_padding_check_PKCS1_OAEP_mgf1 function does not maintain constant-time behavior when the MGF1 hash mismatch occurs in the accelerated path. This was discovered using a Manger-style timing oracle attack in a lab environment with 10^6 decryption queries. We are responsibly disclosing this after coordinating with the security team per the published process. security C++ cryptography;side-channel;rsa,time side channel rsa oaep decrypt path constant time bypass secur team identifi time side channel rsa oaep decrypt code path trigger hardwar acceler fallback activ rsa pad check pkcs1 oaep mgf1 function maintain constant time behavior mgf1 hash mismatch occur acceler path discov use manger style time oracl attack lab environ 10 6 decrypt queri respons disclos coordin secur team per publish process secur c cryptographi side channel rsa,3
376,pytorch/pytorch,CUDA kernel launch race in custom autograd Function with non-default streams,A race condition occurs in custom autograd Functions when the forward pass launches CUDA kernels on a non-default stream and the backward pass is scheduled before stream synchronization completes. The gradient computation produces non-deterministic NaN values approximately 1 in 50 runs. This is not reproducible with the default CUDA stream. The issue lies in engine.cpp where saved tensors are accessed without checking the originating stream completion status. We have a reproducer using torch.autograd.Function with explicit stream management.,performance;architecture,C++,advanced,cuda;autograd;concurrency,True,8/19/2024,27,CUDA kernel launch race in custom autograd Function with non-default streams A race condition occurs in custom autograd Functions when the forward pass launches CUDA kernels on a non-default stream and the backward pass is scheduled before stream synchronization completes. The gradient computation produces non-deterministic NaN values approximately 1 in 50 runs. This is not reproducible with the default CUDA stream. The issue lies in engine.cpp where saved tensors are accessed without checking the originating stream completion status. We have a reproducer using torch.autograd.Function with explicit stream management. performance;architecture C++ cuda;autograd;concurrency,cuda kernel launch race custom autograd function non default stream race condit occur custom autograd function forward pass launch cuda kernel non default stream backward pass schedul stream synchron complet gradient comput produc non determinist nan valu approxim 1 50 run reproduc default cuda stream issu lie engin cpp save tensor access without check origin stream complet statu reproduc use torch autograd function explicit stream manag perform architectur c cuda autograd concurr,3
378,kubernetes/kubernetes,kubelet memory leak when watching large numbers of ConfigMaps with field selectors,The kubelet process exhibits a slow memory leak when configured to watch more than 500 ConfigMaps using field selectors. The leak rate is approximately 50MB per hour under steady state. Heap profiling with go tool pprof shows the accumulation is in the reflector cache which is not correctly evicting entries when field-selector-filtered watches receive MODIFIED events. This was introduced in the 1.29 release cycle based on our bisect. We are running 1.30.1 and have confirmed the issue does not occur on 1.28.,performance;architecture,Go,advanced,kubernetes;memory-leak;watch,True,9/5/2024,19,kubelet memory leak when watching large numbers of ConfigMaps with field selectors The kubelet process exhibits a slow memory leak when configured to watch more than 500 ConfigMaps using field selectors. The leak rate is approximately 50MB per hour under steady state. Heap profiling with go tool pprof shows the accumulation is in the reflector cache which is not correctly evicting entries when field-selector-filtered watches receive MODIFIED events. This was introduced in the 1.29 release cycle based on our bisect. We are running 1.30.1 and have confirmed the issue does not occur on 1.28. performance;architecture Go kubernetes;memory-leak;watch,kubelet memori leak watch larg number configmap field selector kubelet process exhibit slow memori leak configur watch 500 configmap use field selector leak rate approxim 50mb per hour steadi state heap profil go tool pprof show accumul reflector cach correctli evict entri field selector filter watch receiv modifi event introduc 1 29 releas cycl base bisect run 1 30 1 confirm issu occur 1 28 perform architectur go kubernet memori leak watch,3
379,rust-lang/rust,ICE: internal compiler error with const generics and where clause on associated type,The Rust compiler panics with an internal compiler error when a const generic parameter is used in a where clause constraining an associated type of a trait bound. The panic message is assertion failed in rustc_trait_selection. This reproduces on stable 1.77 and nightly. The workaround is to remove the const generic and use a runtime value but this defeats the purpose of the abstraction. A minimal reproducer of 15 lines is attached.,architecture,Rust,advanced,compiler;const-generics;ICE,True,1/30/2024,14,ICE: internal compiler error with const generics and where clause on associated type The Rust compiler panics with an internal compiler error when a const generic parameter is used in a where clause constraining an associated type of a trait bound. The panic message is assertion failed in rustc_trait_selection. This reproduces on stable 1.77 and nightly. The workaround is to remove the const generic and use a runtime value but this defeats the purpose of the abstraction. A minimal reproducer of 15 lines is attached. architecture Rust compiler;const-generics;ICE,ice intern compil error const gener claus associ type rust compil panic intern compil error const gener paramet use claus constrain associ type trait bound panic messag assert fail rustc trait select reproduc stabl 1 77 nightli workaround remov const gener use runtim valu defeat purpos abstract minim reproduc 15 line attach architectur rust compil const gener ice,3
380,django/django,QuerySet.annotate() with Window function produces incorrect SQL for multi-database routers,Using QuerySet.annotate() with a Window function expression on a project with multiple database routers generates incorrect SQL that references the wrong schema prefix. The generated query uses the default database alias even when the queryset has been explicitly routed to a secondary database. This causes either a table-not-found error or silently reads from the wrong database. The issue is in django/db/models/sql/compiler.py in the as_sql method for window expressions. Affects Django 4.2 and 5.0.,architecture;breaking change,Python,advanced,orm;sql;multi-database,True,5/14/2024,23,QuerySet.annotate() with Window function produces incorrect SQL for multi-database routers Using QuerySet.annotate() with a Window function expression on a project with multiple database routers generates incorrect SQL that references the wrong schema prefix. The generated query uses the default database alias even when the queryset has been explicitly routed to a secondary database. This causes either a table-not-found error or silently reads from the wrong database. The issue is in django/db/models/sql/compiler.py in the as_sql method for window expressions. Affects Django 4.2 and 5.0. architecture;breaking change Python orm;sql;multi-database,queryset annot window function produc incorrect sql multi databas router use queryset annot window function express project multipl databas router gener incorrect sql refer wrong schema prefix gener queri use default databas alia even queryset explicitli rout secondari databas caus either tabl found error silent read wrong databas issu django db model sql compil py sql method window express affect django 4 2 5 0 architectur break chang python orm sql multi databas,3
382,grpc/grpc-go,Streaming RPC metadata lost after server-side load balancer reconnect,When a server-side load balancer triggers a reconnect during an active bidirectional streaming RPC the per-call metadata attached to the stream is silently dropped after the reconnect. Subsequent messages on the stream proceed without the original metadata causing authorization failures downstream. The metadata loss was confirmed by comparing interceptor logs before and after the reconnect event. This is a regression from v1.62 based on our changelog review. The fix likely requires metadata to be reattached from the stream context during transport recreation.,architecture;breaking change,Go,advanced,grpc;streaming;metadata,True,7/18/2024,16,Streaming RPC metadata lost after server-side load balancer reconnect When a server-side load balancer triggers a reconnect during an active bidirectional streaming RPC the per-call metadata attached to the stream is silently dropped after the reconnect. Subsequent messages on the stream proceed without the original metadata causing authorization failures downstream. The metadata loss was confirmed by comparing interceptor logs before and after the reconnect event. This is a regression from v1.62 based on our changelog review. The fix likely requires metadata to be reattached from the stream context during transport recreation. architecture;breaking change Go grpc;streaming;metadata,stream rpc metadata lost server side load balanc reconnect server side load balanc trigger reconnect activ bidirect stream rpc per call metadata attach stream silent drop reconnect subsequ messag stream proceed without origin metadata caus author failur downstream metadata loss confirm compar interceptor log reconnect event regress v1 62 base changelog review fix like requir metadata reattach stream context transport recreat architectur break chang go grpc stream metadata,3
383,facebook/react,Concurrent mode tearing with useMutableSource and external store mutations,React 18 concurrent mode exhibits observable tearing when useMutableSource is used with an external store that mutates synchronously during a high-priority render interruption. The component tree renders with inconsistent snapshots of the store across siblings. This violates the consistency guarantee described in the RFC. We have a reproducible test using Zustand with synchronous state mutations and high-frequency useTransition updates that shows different values in sibling components reading the same store slice.,architecture;RFC,TypeScript,advanced,react;concurrent;state-management,True,10/2/2024,29,Concurrent mode tearing with useMutableSource and external store mutations React 18 concurrent mode exhibits observable tearing when useMutableSource is used with an external store that mutates synchronously during a high-priority render interruption. The component tree renders with inconsistent snapshots of the store across siblings. This violates the consistency guarantee described in the RFC. We have a reproducible test using Zustand with synchronous state mutations and high-frequency useTransition updates that shows different values in sibling components reading the same store slice. architecture;RFC TypeScript react;concurrent;state-management,concurr mode tear usemutablesourc extern store mutat react 18 concurr mode exhibit observ tear usemutablesourc use extern store mutat synchron high prioriti render interrupt compon tree render inconsist snapshot store across sibl violat consist guarante describ rfc reproduc test use zustand synchron state mutat high frequenc usetransit updat show differ valu sibl compon read store slice architectur rfc typescript react concurr state manag,3
385,elastic/elasticsearch,Circuit breaker not triggered for aggregation memory on coordinating node,The field data circuit breaker fails to account for aggregation working memory allocated on the coordinating node during a terms aggregation with a very large bucket count. This allows the JVM heap to fill completely before the breaker trips causing OOM kills in production. The root cause is that InternalAggregations.reduce() allocates intermediate collections outside of the circuit breaker accounting framework. We have reproduced this consistently on a 3-node cluster with 16GB heap per node using a cardinality of 5M terms.,performance;security,Java,advanced,elasticsearch;memory;aggregation,True,6/30/2024,21,Circuit breaker not triggered for aggregation memory on coordinating node The field data circuit breaker fails to account for aggregation working memory allocated on the coordinating node during a terms aggregation with a very large bucket count. This allows the JVM heap to fill completely before the breaker trips causing OOM kills in production. The root cause is that InternalAggregations.reduce() allocates intermediate collections outside of the circuit breaker accounting framework. We have reproduced this consistently on a 3-node cluster with 16GB heap per node using a cardinality of 5M terms. performance;security Java elasticsearch;memory;aggregation,circuit breaker trigger aggreg memori coordin node field data circuit breaker fail account aggreg work memori alloc coordin node term aggreg larg bucket count allow jvm heap fill complet breaker trip caus oom kill product root caus internalaggreg reduc alloc intermedi collect outsid circuit breaker account framework reproduc consist 3 node cluster 16gb heap per node use cardin 5m term perform secur java elasticsearch memori aggreg,3
386,some-user/myproject,it doesnt work,,question,Python,beginner,general,True,3/1/2024,0,it doesnt work  question Python general,doesnt work question python gener,1
387,newbie-dev/todo-app,bug in login,bug in login,triage,TypeScript,beginner,authentication,True,4/15/2024,1,bug in login bug in login triage TypeScript authentication,bug login bug login triag typescript authent,1
388,student123/homework-tracker,help,I need help with this,question,Python,beginner,general,True,5/10/2024,2,help I need help with this question Python general,help need help question python gener,1
389,random-user/flask-blog,error when running,,,Python,beginner,general,True,1/20/2024,0,error when running   Python general,error run python gener,1
390,coderx/weather-app,app crashes,app crashes sometimes,bug,TypeScript,beginner,general,True,7/8/2024,1,app crashes app crashes sometimes bug TypeScript general,app crash app crash sometim bug typescript gener,1
391,neo4j/neo4j,Cypher query planner selects inefficient index strategy for composite node properties,The Cypher query planner consistently selects a full node scan instead of the available composite index when a query combines an equality predicate on a composite property with a range predicate on a second property. EXPLAIN output confirms the index is not being considered. This results in 100x slower query execution on our 50M node graph. We have verified the composite index exists and is ONLINE. The issue does not occur when the properties are queried individually. This appears to be a planner regression introduced in Neo4j 5.18.,performance;architecture,Java,advanced,database;query-planner;indexing,True,8/12/2024,17,Cypher query planner selects inefficient index strategy for composite node properties The Cypher query planner consistently selects a full node scan instead of the available composite index when a query combines an equality predicate on a composite property with a range predicate on a second property. EXPLAIN output confirms the index is not being considered. This results in 100x slower query execution on our 50M node graph. We have verified the composite index exists and is ONLINE. The issue does not occur when the properties are queried individually. This appears to be a planner regression introduced in Neo4j 5.18. performance;architecture Java database;query-planner;indexing,cypher queri planner select ineffici index strategi composit node properti cypher queri planner consist select full node scan instead avail composit index queri combin equal predic composit properti rang predic second properti explain output confirm index consid result 100x slower queri execut 50m node graph verifi composit index exist onlin issu occur properti queri individu appear planner regress introduc neo4j 5 18 perform architectur java databas queri planner index,3
393,apache/arrow,IPC reader produces incorrect null bitmaps for nested list arrays with offset,The Arrow IPC reader produces incorrect null bitmaps when deserializing nested List<List<T>> arrays that have a non-zero offset on the outer list. The null positions are shifted by the offset value causing incorrect null checks downstream. This is a silent data corruption bug with no exception raised. We discovered it during a cross-language data exchange between a Python writer and a C++ reader. The bug is in ipc/reader.cc in the LoadRecordBatch function handling of nested offset buffers.,security;architecture,C++,advanced,arrow;ipc;null-handling,True,11/10/2024,24,IPC reader produces incorrect null bitmaps for nested list arrays with offset The Arrow IPC reader produces incorrect null bitmaps when deserializing nested List<List<T>> arrays that have a non-zero offset on the outer list. The null positions are shifted by the offset value causing incorrect null checks downstream. This is a silent data corruption bug with no exception raised. We discovered it during a cross-language data exchange between a Python writer and a C++ reader. The bug is in ipc/reader.cc in the LoadRecordBatch function handling of nested offset buffers. security;architecture C++ arrow;ipc;null-handling,ipc reader produc incorrect null bitmap nest list array offset arrow ipc reader produc incorrect null bitmap deseri nest list list array non zero offset outer list null posit shift offset valu caus incorrect null check downstream silent data corrupt bug except rais discov cross languag data exchang python writer c reader bug ipc reader cc loadrecordbatch function handl nest offset buffer secur architectur c arrow ipc null handl,3
394,grafana/grafana,Alert rule evaluation skipped silently when evaluation interval less than scheduler tick,Alert rules with an evaluation interval smaller than the Grafana scheduler tick duration are silently skipped without generating a missed evaluation event or log entry. This causes alerts to never fire even when conditions are met. The missed evaluations are not reflected in the alert state history. We discovered this after a production incident where a critical alert with a 50ms interval never fired during a 15-minute outage. The scheduler loop does not account for sub-tick intervals.,architecture;RFC,Go,advanced,alerting;scheduler;observability,True,12/1/2024,20,Alert rule evaluation skipped silently when evaluation interval less than scheduler tick Alert rules with an evaluation interval smaller than the Grafana scheduler tick duration are silently skipped without generating a missed evaluation event or log entry. This causes alerts to never fire even when conditions are met. The missed evaluations are not reflected in the alert state history. We discovered this after a production incident where a critical alert with a 50ms interval never fired during a 15-minute outage. The scheduler loop does not account for sub-tick intervals. architecture;RFC Go alerting;scheduler;observability,alert rule evalu skip silent evalu interv less schedul tick alert rule evalu interv smaller grafana schedul tick durat silent skip without gener miss evalu event log entri caus alert never fire even condit met miss evalu reflect alert state histori discov product incid critic alert 50m interv never fire 15 minut outag schedul loop account sub tick interv architectur rfc go alert schedul observ,3
395,xyz-student/random-project,doesnt compile,,,C++,beginner,compilation,True,2/14/2024,0,doesnt compile   C++ compilation,doesnt compil c compil,1
396,first-timer/blog-site,how do I add images?,how do I add images?,question,Python,beginner,general,True,6/22/2024,3,how do I add images? how do I add images? question Python general,add imag add imag question python gener,1
397,learner99/calc-app,broken,its broken,triage,Java,beginner,general,True,3/30/2024,1,broken its broken triage Java general,broken broken triag java gener,1
398,noob-coder/api-test,500 error,getting 500 error,bug,Go,beginner,api,True,8/5/2024,2,500 error getting 500 error bug Go api,500 error get 500 error bug go api,1
399,beginner-dev/snake-game,game not working,,question,Python,beginner,game,True,5/18/2024,0,game not working  question Python game,game work question python game,1
400,cilium/cilium,BPF map pressure causes packet drops under high connection churn,Under high connection churn exceeding 50k new connections per second the BPF conntrack map fills to capacity causing new connections to be silently dropped without generating any observable error. The map size is correctly configured at 1M entries but entries are not being evicted fast enough by the garbage collection goroutine. The GC interval is hardcoded to 30 seconds which is too slow for high-churn workloads. We need a configurable eviction policy and a metrics endpoint for map pressure. This is blocking our adoption of Cilium as the primary CNI in production.,performance;architecture,Go,advanced,ebpf;networking;kubernetes,True,1/14/2024,28,BPF map pressure causes packet drops under high connection churn Under high connection churn exceeding 50k new connections per second the BPF conntrack map fills to capacity causing new connections to be silently dropped without generating any observable error. The map size is correctly configured at 1M entries but entries are not being evicted fast enough by the garbage collection goroutine. The GC interval is hardcoded to 30 seconds which is too slow for high-churn workloads. We need a configurable eviction policy and a metrics endpoint for map pressure. This is blocking our adoption of Cilium as the primary CNI in production. performance;architecture Go ebpf;networking;kubernetes,bpf map pressur caus packet drop high connect churn high connect churn exceed 50k new connect per second bpf conntrack map fill capac caus new connect silent drop without gener observ error map size correctli configur 1m entri entri evict fast enough garbag collect goroutin gc interv hardcod 30 second slow high churn workload need configur evict polici metric endpoint map pressur block adopt cilium primari cni product perform architectur go ebpf network kubernet,3
402,vitessio/vitess,VSchema routing rules ignored for scatter queries with INFORMATION_SCHEMA joins,VSchema routing rules are completely ignored when a scatter query includes a JOIN with an INFORMATION_SCHEMA table. The query is routed to all shards instead of following the configured routing rules causing unnecessary load and incorrect results in some cases. This was introduced in the Vitess 18 release. We have tested with both hash and lookup vindexes and the behavior is consistent. The issue is in the planner handling of INFORMATION_SCHEMA as a special keyspace that bypasses routing rule evaluation.,architecture;breaking change,Go,advanced,vitess;mysql;sharding,True,5/29/2024,11,VSchema routing rules ignored for scatter queries with INFORMATION_SCHEMA joins VSchema routing rules are completely ignored when a scatter query includes a JOIN with an INFORMATION_SCHEMA table. The query is routed to all shards instead of following the configured routing rules causing unnecessary load and incorrect results in some cases. This was introduced in the Vitess 18 release. We have tested with both hash and lookup vindexes and the behavior is consistent. The issue is in the planner handling of INFORMATION_SCHEMA as a special keyspace that bypasses routing rule evaluation. architecture;breaking change Go vitess;mysql;sharding,vschema rout rule ignor scatter queri inform schema join vschema rout rule complet ignor scatter queri includ join inform schema tabl queri rout shard instead follow configur rout rule caus unnecessari load incorrect result case introduc vitess 18 releas test hash lookup vindex behavior consist issu planner handl inform schema special keyspac bypass rout rule evalu architectur break chang go vitess mysql shard,3
403,envoyproxy/envoy,HTTP filter chain selection incorrect when SNI and ALPN disagree on TLS handshake,The HTTP filter chain selection logic incorrectly matches filter chains when the SNI value and ALPN protocol negotiated during the TLS handshake belong to different configured chains. The wrong filter chain is applied causing requests to be processed with incorrect configuration including wrong upstream clusters and incorrect rate limits. This is a security-relevant misconfiguration that can lead to traffic leaking to unintended backends. We have a reproducible test case using curl with explicit SNI and ALPN overrides.,security;architecture,C++,advanced,envoy;tls;filter-chain,True,7/14/2024,32,HTTP filter chain selection incorrect when SNI and ALPN disagree on TLS handshake The HTTP filter chain selection logic incorrectly matches filter chains when the SNI value and ALPN protocol negotiated during the TLS handshake belong to different configured chains. The wrong filter chain is applied causing requests to be processed with incorrect configuration including wrong upstream clusters and incorrect rate limits. This is a security-relevant misconfiguration that can lead to traffic leaking to unintended backends. We have a reproducible test case using curl with explicit SNI and ALPN overrides. security;architecture C++ envoy;tls;filter-chain,http filter chain select incorrect sni alpn disagre tl handshak http filter chain select logic incorrectli match filter chain sni valu alpn protocol negoti tl handshak belong differ configur chain wrong filter chain appli caus request process incorrect configur includ wrong upstream cluster incorrect rate limit secur relev misconfigur lead traffic leak unintend backend reproduc test case use curl explicit sni alpn overrid secur architectur c envoy tl filter chain,3
404,homework-helper/python-basics,why is my loop infinite,why is my loop infinite,question,Python,beginner,loops,True,9/12/2024,4,why is my loop infinite why is my loop infinite question Python loops,loop infinit loop infinit question python loop,1
405,random-student/web-scraper,scraper broken,,triage,Python,beginner,web-scraping,True,10/1/2024,0,scraper broken  triage Python web-scraping,scraper broken triag python web scrape,1
406,coder-newb/discord-bot,bot offline,bot is offline help,question,Python,beginner,discord,True,11/20/2024,2,bot offline bot is offline help question Python discord,bot offlin bot offlin help question python discord,1
407,firstproject/portfolio-site,css not working,,,TypeScript,beginner,css,True,1/5/2024,1,css not working   TypeScript css,css work typescript css,1
408,noobdev42/chat-app,messages not sending,messages not sending,bug,TypeScript,beginner,messaging,True,2/28/2024,0,messages not sending messages not sending bug TypeScript messaging,messag send messag send bug typescript messag,1
410,opentelemetry/opentelemetry-collector,Batch processor memory spike when exporter backpressure causes queue overflow,The batch processor exhibits severe memory spikes when the downstream exporter applies backpressure causing the internal queue to overflow. Instead of dropping spans according to the configured sending_queue overflow policy the processor accumulates spans in memory until OOM. The queue_size and num_consumers settings are correctly configured but the backpressure signal from the exporter is not propagating correctly to the batch processor admission control. This results in collector pods being OOM killed under load spike conditions.,performance;architecture,Go,advanced,otel;tracing;backpressure,True,4/16/2024,22,Batch processor memory spike when exporter backpressure causes queue overflow The batch processor exhibits severe memory spikes when the downstream exporter applies backpressure causing the internal queue to overflow. Instead of dropping spans according to the configured sending_queue overflow policy the processor accumulates spans in memory until OOM. The queue_size and num_consumers settings are correctly configured but the backpressure signal from the exporter is not propagating correctly to the batch processor admission control. This results in collector pods being OOM killed under load spike conditions. performance;architecture Go otel;tracing;backpressure,batch processor memori spike export backpressur caus queue overflow batch processor exhibit sever memori spike downstream export appli backpressur caus intern queue overflow instead drop span accord configur send queue overflow polici processor accumul span memori oom queue size num consum set correctli configur backpressur signal export propag correctli batch processor admiss control result collector pod oom kill load spike condit perform architectur go otel trace backpressur,3
411,weaviate/weaviate,HNSW index corruption on concurrent writes with class schema modification,Concurrent write operations to a Weaviate class combined with a schema property addition result in HNSW index corruption. The corruption manifests as missing objects in vector search results that are confirmed present via the object GET endpoint. The issue is a race condition between the schema change handler and the HNSW graph modification lock. We discovered this during a rolling deployment that updated the schema while ingestion was running. The HNSW graph needs to be rebuilt after the corruption is detected which causes significant downtime.,security;architecture,Go,advanced,vector-db;hnsw;concurrency,True,6/3/2024,19,HNSW index corruption on concurrent writes with class schema modification Concurrent write operations to a Weaviate class combined with a schema property addition result in HNSW index corruption. The corruption manifests as missing objects in vector search results that are confirmed present via the object GET endpoint. The issue is a race condition between the schema change handler and the HNSW graph modification lock. We discovered this during a rolling deployment that updated the schema while ingestion was running. The HNSW graph needs to be rebuilt after the corruption is detected which causes significant downtime. security;architecture Go vector-db;hnsw;concurrency,hnsw index corrupt concurr write class schema modif concurr write oper weaviat class combin schema properti addit result hnsw index corrupt corrupt manifest miss object vector search result confirm present via object get endpoint issu race condit schema chang handler hnsw graph modif lock discov roll deploy updat schema ingest run hnsw graph need rebuilt corrupt detect caus signific downtim secur architectur go vector db hnsw concurr,3
412,student-proj/number-guessing,doesnt guess right,,question,Go,beginner,game,True,7/25/2024,1,doesnt guess right  question Go game,doesnt guess right question go game,1
413,newcoder99/inventory-app,crash on startup,crash on startup please help,triage,Java,beginner,startup,True,8/14/2024,0,crash on startup crash on startup please help triage Java startup,crash startup crash startup pleas help triag java startup,1
414,learner-dev/url-shortener,links not working,,,Go,beginner,routing,True,9/30/2024,2,links not working   Go routing,link work go rout,1
415,beginner123/markdown-editor,preview broken,preview not showing,question,TypeScript,beginner,editor,True,10/22/2024,1,preview broken preview not showing question TypeScript editor,preview broken preview show question typescript editor,1
416,myfirstapp/expense-tracker,numbers wrong,the numbers are wrong,bug,Python,beginner,calculations,True,11/8/2024,3,numbers wrong the numbers are wrong bug Python calculations,number wrong number wrong bug python calcul,1
418,containerd/containerd,Snapshot layer deduplication skipped for OCI images with non-canonical layer ordering,The containerd snapshotter skips layer deduplication when an OCI image is pushed with layer descriptors in a non-canonical order that differs from the content-addressable store internal ordering. This causes duplicate layer data to be stored consuming additional disk space proportional to the number of non-canonical layers. In our environment this has caused a 3x increase in snapshot storage usage. The deduplication logic in snapshots/storage/bolt.go assumes canonical ordering which is not guaranteed by the OCI image spec.,performance;architecture,Go,advanced,containers;storage;oci,True,1/27/2024,18,Snapshot layer deduplication skipped for OCI images with non-canonical layer ordering The containerd snapshotter skips layer deduplication when an OCI image is pushed with layer descriptors in a non-canonical order that differs from the content-addressable store internal ordering. This causes duplicate layer data to be stored consuming additional disk space proportional to the number of non-canonical layers. In our environment this has caused a 3x increase in snapshot storage usage. The deduplication logic in snapshots/storage/bolt.go assumes canonical ordering which is not guaranteed by the OCI image spec. performance;architecture Go containers;storage;oci,snapshot layer dedupl skip oci imag non canon layer order containerd snapshott skip layer dedupl oci imag push layer descriptor non canon order differ content address store intern order caus duplic layer data store consum addit disk space proport number non canon layer environ caus 3x increas snapshot storag usag dedupl logic snapshot storag bolt go assum canon order guarante oci imag spec perform architectur go contain storag oci,3
419,spiffe/spire,SVID rotation race condition causes brief authentication failures under high load,The SPIRE agent SVID rotation logic has a race condition that causes a brief window where both the old and new SVIDs are invalid from the perspective of the relying party. Under high load with many simultaneous rotations this window can last up to 2 seconds causing authentication failures in workloads that have cached the expiring SVID. The rotation process should follow a prepare-commit pattern where the new SVID is pre-distributed before the old one expires. This is documented as a known issue in the RFC but no fix has been implemented.,security;RFC,Go,advanced,spiffe;mtls;rotation,True,2/22/2024,25,SVID rotation race condition causes brief authentication failures under high load The SPIRE agent SVID rotation logic has a race condition that causes a brief window where both the old and new SVIDs are invalid from the perspective of the relying party. Under high load with many simultaneous rotations this window can last up to 2 seconds causing authentication failures in workloads that have cached the expiring SVID. The rotation process should follow a prepare-commit pattern where the new SVID is pre-distributed before the old one expires. This is documented as a known issue in the RFC but no fix has been implemented. security;RFC Go spiffe;mtls;rotation,svid rotat race condit caus brief authent failur high load spire agent svid rotat logic race condit caus brief window old new svid invalid perspect reli parti high load mani simultan rotat window last 2 second caus authent failur workload cach expir svid rotat process follow prepar commit pattern new svid pre distribut old one expir document known issu rfc fix implement secur rfc go spiff mtl rotat,3
420,random-coder/portfolio,images not loading,,triage,TypeScript,beginner,images,True,3/18/2024,0,images not loading  triage TypeScript images,imag load triag typescript imag,1
421,student-x/quiz-app,quiz not submitting,quiz not submitting,question,TypeScript,beginner,forms,True,4/9/2024,2,quiz not submitting quiz not submitting question TypeScript forms,quiz submit quiz submit question typescript form,1
422,newdev99/blog-api,posts endpoint 404,,,Python,beginner,api,True,5/27/2024,1,posts endpoint 404   Python api,post endpoint 404 python api,1
423,coder-beginner/chat-bot,bot not responding,bot not responding at all,bug,Python,beginner,bot,True,6/15/2024,0,bot not responding bot not responding at all bug Python bot,bot respond bot respond bug python bot,1
424,firstproject123/game,game freezes,game freezes on level 2,question,C++,beginner,game,True,7/4/2024,3,game freezes game freezes on level 2 question C++ game,game freez game freez level 2 question c game,1
426,cockroachdb/cockroach,Optimizer incorrectly estimates row count for partial indexes with overlapping predicates,The CockroachDB query optimizer produces incorrect row count estimates for queries that can use multiple partial indexes with overlapping predicates. The optimizer assumes independence between the predicates and multiplies selectivity estimates causing a severe underestimate of the true row count. This leads to suboptimal plan selection favoring nested loop joins over hash joins at large scales. We have a 10M row table where this causes 50x query slowdowns. The fix requires the optimizer selectivity model to account for predicate overlap in partial index candidates.,performance;architecture,Go,advanced,cockroachdb;optimizer;indexes,True,8/28/2024,30,Optimizer incorrectly estimates row count for partial indexes with overlapping predicates The CockroachDB query optimizer produces incorrect row count estimates for queries that can use multiple partial indexes with overlapping predicates. The optimizer assumes independence between the predicates and multiplies selectivity estimates causing a severe underestimate of the true row count. This leads to suboptimal plan selection favoring nested loop joins over hash joins at large scales. We have a 10M row table where this causes 50x query slowdowns. The fix requires the optimizer selectivity model to account for predicate overlap in partial index candidates. performance;architecture Go cockroachdb;optimizer;indexes,optim incorrectli estim row count partial index overlap predic cockroachdb queri optim produc incorrect row count estim queri use multipl partial index overlap predic optim assum independ predic multipli select estim caus sever underestim true row count lead suboptim plan select favor nest loop join hash join larg scale 10m row tabl caus 50x queri slowdown fix requir optim select model account predic overlap partial index candid perform architectur go cockroachdb optim index,3
427,linkerd/linkerd2,Proxy CPU spike on control plane reconnect due to unbounded retry storm,The Linkerd proxy exhibits a CPU spike on data plane pods when the control plane connection is interrupted and subsequently restored. The spike is caused by an unbounded retry storm where all proxies reconnect simultaneously and flood the control plane with destination API requests. The reconnect logic does not implement exponential backoff with jitter. Under our 2000-pod deployment this causes the control plane to become unavailable for 30-60 seconds after each restart. We need a configurable backoff strategy with jitter for the destination API client.,performance;architecture,Rust,advanced,linkerd;service-mesh;backoff,True,9/14/2024,23,Proxy CPU spike on control plane reconnect due to unbounded retry storm The Linkerd proxy exhibits a CPU spike on data plane pods when the control plane connection is interrupted and subsequently restored. The spike is caused by an unbounded retry storm where all proxies reconnect simultaneously and flood the control plane with destination API requests. The reconnect logic does not implement exponential backoff with jitter. Under our 2000-pod deployment this causes the control plane to become unavailable for 30-60 seconds after each restart. We need a configurable backoff strategy with jitter for the destination API client. performance;architecture Rust linkerd;service-mesh;backoff,proxi cpu spike control plane reconnect due unbound retri storm linkerd proxi exhibit cpu spike data plane pod control plane connect interrupt subsequ restor spike caus unbound retri storm proxi reconnect simultan flood control plane destin api request reconnect logic implement exponenti backoff jitter 2000 pod deploy caus control plane becom unavail 30 60 second restart need configur backoff strategi jitter destin api client perform architectur rust linkerd servic mesh backoff,3
428,beginner-rust/hello-world,how to print hello world,how to print hello world,question,Rust,beginner,basics,True,10/5/2024,5,how to print hello world how to print hello world question Rust basics,print hello world print hello world question rust basic,1
429,newbie-go/first-server,server not starting,,triage,Go,beginner,server,True,11/12/2024,1,server not starting  triage Go server,server start triag go server,1
430,student-java/bank-app,account balance wrong,balance showing wrong amount,bug,Java,beginner,calculations,True,12/3/2024,2,account balance wrong balance showing wrong amount bug Java calculations,account balanc wrong balanc show wrong amount bug java calcul,1
431,firstproject/todo-list,cannot add items,,,TypeScript,beginner,ui,True,1/16/2024,0,cannot add items   TypeScript ui,cannot add item typescript ui,1
432,beginner-cpp/calculator,division by zero,division by zero crash,question,C++,beginner,error-handling,True,2/7/2024,1,division by zero division by zero crash question C++ error-handling,divis zero divis zero crash question c error handl,1
434,thanos-io/thanos,Store Gateway block sync fails silently for partially uploaded blocks in object store,The Thanos Store Gateway silently skips blocks that are partially uploaded to the object store instead of logging an error or alerting. This causes gaps in query coverage that are not visible to operators. A partially uploaded block occurs when an uploader crashes mid-upload which is a common failure mode. The block index file is present but some chunk files are missing. The Store Gateway should detect this state explicitly and expose it as a metric. This has caused silent data gaps in our long-term metrics storage discovered only during an incident.,security;architecture,Go,advanced,thanos;object-store;observability,True,4/1/2024,16,Store Gateway block sync fails silently for partially uploaded blocks in object store The Thanos Store Gateway silently skips blocks that are partially uploaded to the object store instead of logging an error or alerting. This causes gaps in query coverage that are not visible to operators. A partially uploaded block occurs when an uploader crashes mid-upload which is a common failure mode. The block index file is present but some chunk files are missing. The Store Gateway should detect this state explicitly and expose it as a metric. This has caused silent data gaps in our long-term metrics storage discovered only during an incident. security;architecture Go thanos;object-store;observability,store gateway block sync fail silent partial upload block object store thano store gateway silent skip block partial upload object store instead log error alert caus gap queri coverag visibl oper partial upload block occur upload crash mid upload common failur mode block index file present chunk file miss store gateway detect state explicitli expos metric caus silent data gap long term metric storag discov incid secur architectur go thano object store observ,3
435,etcd-io/etcd,Watch event ordering not guaranteed when compaction runs concurrently with watch resumption,etcd does not guarantee watch event ordering when a compaction operation runs concurrently with a watch resumption triggered by an ErrCompacted error. The watch client resumes from the compacted revision but some events in the range between the old watch revision and the compaction revision may be delivered out of order or dropped. This violates the watch ordering guarantee documented in the etcd API specification. We have reproduced this with a test that triggers compaction precisely when the watch client is processing the ErrCompacted and resuming.,architecture;security,Go,advanced,etcd;distributed-systems;watch,True,5/6/2024,27,Watch event ordering not guaranteed when compaction runs concurrently with watch resumption etcd does not guarantee watch event ordering when a compaction operation runs concurrently with a watch resumption triggered by an ErrCompacted error. The watch client resumes from the compacted revision but some events in the range between the old watch revision and the compaction revision may be delivered out of order or dropped. This violates the watch ordering guarantee documented in the etcd API specification. We have reproduced this with a test that triggers compaction precisely when the watch client is processing the ErrCompacted and resuming. architecture;security Go etcd;distributed-systems;watch,watch event order guarante compact run concurr watch resumpt etcd guarante watch event order compact oper run concurr watch resumpt trigger errcompact error watch client resum compact revis event rang old watch revis compact revis may deliv order drop violat watch order guarante document etcd api specif reproduc test trigger compact precis watch client process errcompact resum architectur secur go etcd distribut system watch,3
437,dapr/dapr,Actor reminder fires multiple times when placement table update races with reminder scheduling,Dapr actor reminders fire multiple times when a placement table update occurs during the reminder scheduling window. The double-fire is caused by a race between the placement service updating the actor-to-host mapping and the reminder scheduler checking if the current host is authoritative for the actor. Two hosts transiently believe they are authoritative and both schedule the reminder. This causes duplicate side effects in workflows where reminder idempotency is not enforced. The fix requires a distributed lock or fencing token during the placement transition.,security;architecture,Go,advanced,dapr;actors;distributed-systems,True,12/20/2024,13,Actor reminder fires multiple times when placement table update races with reminder scheduling Dapr actor reminders fire multiple times when a placement table update occurs during the reminder scheduling window. The double-fire is caused by a race between the placement service updating the actor-to-host mapping and the reminder scheduler checking if the current host is authoritative for the actor. Two hosts transiently believe they are authoritative and both schedule the reminder. This causes duplicate side effects in workflows where reminder idempotency is not enforced. The fix requires a distributed lock or fencing token during the placement transition. security;architecture Go dapr;actors;distributed-systems,actor remind fire multipl time placement tabl updat race remind schedul dapr actor remind fire multipl time placement tabl updat occur remind schedul window doubl fire caus race placement servic updat actor host map remind schedul check current host authorit actor two host transient believ authorit schedul remind caus duplic side effect workflow remind idempot enforc fix requir distribut lock fenc token placement transit secur architectur go dapr actor distribut system,3
438,bazel/bazel,Remote cache poisoning via non-hermetic action that leaks hostname into output,A non-hermetic Bazel action that leaks the build machine hostname into a compiled artifact can poison the remote action cache with machine-specific outputs. Subsequent builds on different machines retrieve the poisoned cache entry and use the incorrect artifact without any cache miss signal. This is a correctness and security issue in environments with a shared remote cache. The action sandbox should either prevent hostname access or include the hostname as part of the cache key. We have reproduced this with a C++ action that embeds file paths.,security;architecture,C++,advanced,bazel;remote-cache;hermeticity,True,6/7/2024,29,Remote cache poisoning via non-hermetic action that leaks hostname into output A non-hermetic Bazel action that leaks the build machine hostname into a compiled artifact can poison the remote action cache with machine-specific outputs. Subsequent builds on different machines retrieve the poisoned cache entry and use the incorrect artifact without any cache miss signal. This is a correctness and security issue in environments with a shared remote cache. The action sandbox should either prevent hostname access or include the hostname as part of the cache key. We have reproduced this with a C++ action that embeds file paths. security;architecture C++ bazel;remote-cache;hermeticity,remot cach poison via non hermet action leak hostnam output non hermet bazel action leak build machin hostnam compil artifact poison remot action cach machin specif output subsequ build differ machin retriev poison cach entri use incorrect artifact without cach miss signal correct secur issu environ share remot cach action sandbox either prevent hostnam access includ hostnam part cach key reproduc c action emb file path secur architectur c bazel remot cach hermet,3
440,argoproj/argo-cd,Application sync wave ordering violated when resource hook fails and retry occurs,Argo CD violates sync wave ordering when a resource hook in an intermediate wave fails and the sync operation retries. On retry the application controller re-evaluates all waves from wave 0 instead of resuming from the failed wave hook. Resources in earlier waves that are already healthy are re-synced unnecessarily and resources in later waves may be synced before the failed hook is retried in the correct order. This causes transient inconsistency during sync operations with hooks. The wave ordering state needs to be persisted across retry attempts.,architecture;breaking change,Go,advanced,argocd;gitops;sync,True,1/31/2024,24,Application sync wave ordering violated when resource hook fails and retry occurs Argo CD violates sync wave ordering when a resource hook in an intermediate wave fails and the sync operation retries. On retry the application controller re-evaluates all waves from wave 0 instead of resuming from the failed wave hook. Resources in earlier waves that are already healthy are re-synced unnecessarily and resources in later waves may be synced before the failed hook is retried in the correct order. This causes transient inconsistency during sync operations with hooks. The wave ordering state needs to be persisted across retry attempts. architecture;breaking change Go argocd;gitops;sync,applic sync wave order violat resourc hook fail retri occur argo cd violat sync wave order resourc hook intermedi wave fail sync oper retri retri applic control evalu wave wave 0 instead resum fail wave hook resourc earlier wave alreadi healthi sync unnecessarili resourc later wave may sync fail hook retri correct order caus transient inconsist sync oper hook wave order state need persist across retri attempt architectur break chang go argocd gitop sync,3
442,rancher/rancher,Cluster provisioning stuck in updating state when cloud provider quota exceeded silently,Rancher cluster provisioning gets stuck in the updating state indefinitely when the underlying cloud provider returns a quota exceeded error during node group scaling. The error is not surfaced in the Rancher UI or logs beyond a generic timeout message. The cluster remains in updating state until manually deleted and recreated. The provisioning controller should detect quota exceeded errors from the cloud provider API and surface them as a clear user-facing error condition with actionable guidance. This affects EKS and GKE provisioners.,architecture;breaking change,Go,advanced,rancher;kubernetes;provisioning,True,3/17/2024,20,Cluster provisioning stuck in updating state when cloud provider quota exceeded silently Rancher cluster provisioning gets stuck in the updating state indefinitely when the underlying cloud provider returns a quota exceeded error during node group scaling. The error is not surfaced in the Rancher UI or logs beyond a generic timeout message. The cluster remains in updating state until manually deleted and recreated. The provisioning controller should detect quota exceeded errors from the cloud provider API and surface them as a clear user-facing error condition with actionable guidance. This affects EKS and GKE provisioners. architecture;breaking change Go rancher;kubernetes;provisioning,cluster provis stuck updat state cloud provid quota exceed silent rancher cluster provis get stuck updat state indefinit underli cloud provid return quota exceed error node group scale error surfac rancher ui log beyond gener timeout messag cluster remain updat state manual delet recreat provis control detect quota exceed error cloud provid api surfac clear user face error condit action guidanc affect ek gke provision architectur break chang go rancher kubernet provis,3
443,crossplane/crossplane,Composition revision upgrade causes managed resource ownership conflict with external name annotation,Upgrading a Composition revision while managed resources are actively being reconciled causes an ownership conflict when the new revision changes the external-name annotation strategy. The managed resources created by the old revision are not correctly transferred to the new revision ownership causing the new revision reconciler to attempt to create duplicate resources in the cloud provider. This results in cloud provider API errors and stuck composite resources. The revision upgrade process needs a migration phase that transfers ownership before applying new annotation strategies.,architecture;breaking change,Go,advanced,crossplane;kubernetes;composition,True,9/22/2024,18,Composition revision upgrade causes managed resource ownership conflict with external name annotation Upgrading a Composition revision while managed resources are actively being reconciled causes an ownership conflict when the new revision changes the external-name annotation strategy. The managed resources created by the old revision are not correctly transferred to the new revision ownership causing the new revision reconciler to attempt to create duplicate resources in the cloud provider. This results in cloud provider API errors and stuck composite resources. The revision upgrade process needs a migration phase that transfers ownership before applying new annotation strategies. architecture;breaking change Go crossplane;kubernetes;composition,composit revis upgrad caus manag resourc ownership conflict extern name annot upgrad composit revis manag resourc activ reconcil caus ownership conflict new revis chang extern name annot strategi manag resourc creat old revis correctli transfer new revis ownership caus new revis reconcil attempt creat duplic resourc cloud provid result cloud provid api error stuck composit resourc revis upgrad process need migrat phase transfer ownership appli new annot strategi architectur break chang go crossplan kubernet composit,3
445,open-policy-agent/opa,Policy evaluation non-deterministic with concurrent partial evaluation cache writes,OPA exhibits non-deterministic policy evaluation results when partial evaluation is enabled and multiple concurrent requests write to the partial evaluation cache simultaneously. The cache write operation is not atomic and concurrent writes can result in a partially updated cache entry being read by a subsequent request. This produces incorrect authorization decisions that are not reproducible. We observed this in production under 5000 req/s load with partial evaluation enabled. The cache implementation in rego/eval.go requires a read-write mutex on cache entries.,security;architecture,Go,advanced,opa;policy;concurrency,True,3/29/2024,27,Policy evaluation non-deterministic with concurrent partial evaluation cache writes OPA exhibits non-deterministic policy evaluation results when partial evaluation is enabled and multiple concurrent requests write to the partial evaluation cache simultaneously. The cache write operation is not atomic and concurrent writes can result in a partially updated cache entry being read by a subsequent request. This produces incorrect authorization decisions that are not reproducible. We observed this in production under 5000 req/s load with partial evaluation enabled. The cache implementation in rego/eval.go requires a read-write mutex on cache entries. security;architecture Go opa;policy;concurrency,polici evalu non determinist concurr partial evalu cach write opa exhibit non determinist polici evalu result partial evalu enabl multipl concurr request write partial evalu cach simultan cach write oper atom concurr write result partial updat cach entri read subsequ request produc incorrect author decis reproduc observ product 5000 req load partial evalu enabl cach implement rego eval go requir read write mutex cach entri secur architectur go opa polici concurr,3
446,falco-security/falco,Rule engine regex compilation blocks event processing under high syscall rate,The Falco rule engine recompiles regex patterns for each rule evaluation when a kernel event matches the rule syscall filter. Under a high syscall rate exceeding 100k events per second this causes the rule engine thread to spend the majority of its CPU time on regex compilation rather than event evaluation. The compiled regex patterns should be cached after first compilation and reused. The current architecture in engine/rule_engine.cpp constructs a new RE2 object for each event evaluation. This causes a 40% CPU overhead in our production environment.,performance,C++,advanced,falco;security;performance,True,4/24/2024,15,Rule engine regex compilation blocks event processing under high syscall rate The Falco rule engine recompiles regex patterns for each rule evaluation when a kernel event matches the rule syscall filter. Under a high syscall rate exceeding 100k events per second this causes the rule engine thread to spend the majority of its CPU time on regex compilation rather than event evaluation. The compiled regex patterns should be cached after first compilation and reused. The current architecture in engine/rule_engine.cpp constructs a new RE2 object for each event evaluation. This causes a 40% CPU overhead in our production environment. performance C++ falco;security;performance,rule engin regex compil block event process high syscal rate falco rule engin recompil regex pattern rule evalu kernel event match rule syscal filter high syscal rate exceed 100k event per second caus rule engin thread spend major cpu time regex compil rather event evalu compil regex pattern cach first compil reus current architectur engin rule engin cpp construct new re2 object event evalu caus 40 cpu overhead product environ perform c falco secur perform,3
448,yugabyte/yugabyte-db,Read restart error not correctly retried in implicit transaction for complex joins,YugabyteDB read restart error handling does not correctly retry implicit transactions that involve complex multi-table joins when the read restart is triggered midway through join execution. The retry logic restarts the transaction but does not correctly invalidate the partially computed join result leading to either incorrect results or a second read restart error that is surfaced to the client. This violates the serializable isolation guarantee. We observed this with 5-table star schema queries under high write concurrency.,architecture;security,C++,advanced,yugabyte;transactions;consistency,True,11/2/2024,31,Read restart error not correctly retried in implicit transaction for complex joins YugabyteDB read restart error handling does not correctly retry implicit transactions that involve complex multi-table joins when the read restart is triggered midway through join execution. The retry logic restarts the transaction but does not correctly invalidate the partially computed join result leading to either incorrect results or a second read restart error that is surfaced to the client. This violates the serializable isolation guarantee. We observed this with 5-table star schema queries under high write concurrency. architecture;security C++ yugabyte;transactions;consistency,read restart error correctli retri implicit transact complex join yugabytedb read restart error handl correctli retri implicit transact involv complex multi tabl join read restart trigger midway join execut retri logic restart transact correctli invalid partial comput join result lead either incorrect result second read restart error surfac client violat serializ isol guarante observ 5 tabl star schema queri high write concurr architectur secur c yugabyt transact consist,3
449,cilium/tetragon,Tracing policy drops events silently when ring buffer backpressure exceeds threshold,Tetragon tracing policy silently drops kernel events when the eBPF ring buffer experiences backpressure beyond a configurable threshold. The dropped events are not counted in any exported metric making it impossible for operators to determine if their tracing coverage is complete. The ring buffer drop counter in the kernel is not mapped to a Prometheus metric. This is a significant observability gap for security monitoring use cases where event completeness is critical. We need a tetragon_events_dropped_total metric labeled by policy and event type.,security;architecture,Go,advanced,tetragon;ebpf;observability,True,5/8/2024,19,Tracing policy drops events silently when ring buffer backpressure exceeds threshold Tetragon tracing policy silently drops kernel events when the eBPF ring buffer experiences backpressure beyond a configurable threshold. The dropped events are not counted in any exported metric making it impossible for operators to determine if their tracing coverage is complete. The ring buffer drop counter in the kernel is not mapped to a Prometheus metric. This is a significant observability gap for security monitoring use cases where event completeness is critical. We need a tetragon_events_dropped_total metric labeled by policy and event type. security;architecture Go tetragon;ebpf;observability,trace polici drop event silent ring buffer backpressur exce threshold tetragon trace polici silent drop kernel event ebpf ring buffer experi backpressur beyond configur threshold drop event count export metric make imposs oper determin trace coverag complet ring buffer drop counter kernel map prometheu metric signific observ gap secur monitor use case event complet critic need tetragon event drop total metric label polici event type secur architectur go tetragon ebpf observ,3
451,vectorized-io/redpanda,Shadow indexing S3 upload stalls when AWS SDK connection pool is exhausted under burst writes,Redpanda shadow indexing feature stalls S3 segment uploads when the AWS SDK connection pool is exhausted during a write burst. The upload stall is not surfaced as an error and the segment upload queue grows unboundedly consuming heap memory until OOM. The S3 client should implement a bounded queue with backpressure signaling to the partition leadership. Currently the upload path in src/v/cloud_storage/remote.cc does not apply any admission control before enqueuing S3 operations.,performance;architecture,C++,advanced,redpanda;s3;storage,True,12/4/2024,25,Shadow indexing S3 upload stalls when AWS SDK connection pool is exhausted under burst writes Redpanda shadow indexing feature stalls S3 segment uploads when the AWS SDK connection pool is exhausted during a write burst. The upload stall is not surfaced as an error and the segment upload queue grows unboundedly consuming heap memory until OOM. The S3 client should implement a bounded queue with backpressure signaling to the partition leadership. Currently the upload path in src/v/cloud_storage/remote.cc does not apply any admission control before enqueuing S3 operations. performance;architecture C++ redpanda;s3;storage,shadow index s3 upload stall aw sdk connect pool exhaust burst write redpanda shadow index featur stall s3 segment upload aw sdk connect pool exhaust write burst upload stall surfac error segment upload queue grow unboundedli consum heap memori oom s3 client implement bound queue backpressur signal partit leadership current upload path src v cloud storag remot cc appli admiss control enqueu s3 oper perform architectur c redpanda s3 storag,3
452,tikv/tikv,Raft log compaction races with snapshot generation causing follower log gap,TiKV Raft log compaction can race with snapshot generation on the leader causing a follower to receive a snapshot that refers to a log index that has already been compacted on the leader. The follower then has a log gap between its applied index and the snapshot included index which it cannot recover from without manual intervention. This is a data availability issue in clusters with slow followers. The fix requires coordinating log compaction with in-progress snapshot generation to ensure the snapshot covers all compacted log entries.,architecture;security,Rust,advanced,tikv;raft;distributed-systems,True,1/10/2024,33,Raft log compaction races with snapshot generation causing follower log gap TiKV Raft log compaction can race with snapshot generation on the leader causing a follower to receive a snapshot that refers to a log index that has already been compacted on the leader. The follower then has a log gap between its applied index and the snapshot included index which it cannot recover from without manual intervention. This is a data availability issue in clusters with slow followers. The fix requires coordinating log compaction with in-progress snapshot generation to ensure the snapshot covers all compacted log entries. architecture;security Rust tikv;raft;distributed-systems,raft log compact race snapshot gener caus follow log gap tikv raft log compact race snapshot gener leader caus follow receiv snapshot refer log index alreadi compact leader follow log gap appli index snapshot includ index cannot recov without manual intervent data avail issu cluster slow follow fix requir coordin log compact progress snapshot gener ensur snapshot cover compact log entri architectur secur rust tikv raft distribut system,3
453,scylladb/scylladb,Materialized view update lag spikes during table repair due to view update queue starvation,ScyllaDB materialized view update lag spikes to several minutes during a table repair operation because the repair process and the view update queue compete for the same IO scheduler resources. The repair operation is given higher priority causing the view update queue to be starved for the duration of the repair. This causes queries on the materialized view to return stale data for the duration of the repair window. The IO scheduler should provide separate resource quotas for repair and view update operations.,performance;architecture,C++,advanced,scylladb;materialized-views;repair,True,8/9/2024,28,Materialized view update lag spikes during table repair due to view update queue starvation ScyllaDB materialized view update lag spikes to several minutes during a table repair operation because the repair process and the view update queue compete for the same IO scheduler resources. The repair operation is given higher priority causing the view update queue to be starved for the duration of the repair. This causes queries on the materialized view to return stale data for the duration of the repair window. The IO scheduler should provide separate resource quotas for repair and view update operations. performance;architecture C++ scylladb;materialized-views;repair,materi view updat lag spike tabl repair due view updat queue starvat scylladb materi view updat lag spike sever minut tabl repair oper repair process view updat queue compet io schedul resourc repair oper given higher prioriti caus view updat queue starv durat repair caus queri materi view return stale data durat repair window io schedul provid separ resourc quota repair view updat oper perform architectur c scylladb materi view repair,3
454,questdb/questdb,Parallel SQL execution produces non-deterministic results for ORDER BY on floating point columns,QuestDB parallel SQL execution engine produces non-deterministic result ordering for ORDER BY queries on floating point columns when the sort key contains NaN values. The parallel merge sort does not define a stable total ordering for NaN values causing different orderings on different runs. This is a correctness issue for analytical queries that rely on deterministic output ordering. The SQL standard defines NaN ordering behavior and QuestDB implementation should conform to it consistently.,architecture,Java,advanced,questdb;sql;floating-point,True,1/17/2024,21,Parallel SQL execution produces non-deterministic results for ORDER BY on floating point columns QuestDB parallel SQL execution engine produces non-deterministic result ordering for ORDER BY queries on floating point columns when the sort key contains NaN values. The parallel merge sort does not define a stable total ordering for NaN values causing different orderings on different runs. This is a correctness issue for analytical queries that rely on deterministic output ordering. The SQL standard defines NaN ordering behavior and QuestDB implementation should conform to it consistently. architecture Java questdb;sql;floating-point,parallel sql execut produc non determinist result order float point column questdb parallel sql execut engin produc non determinist result order order queri float point column sort key contain nan valu parallel merg sort defin stabl total order nan valu caus differ order differ run correct issu analyt queri reli determinist output order sql standard defin nan order behavior questdb implement conform consist architectur java questdb sql float point,3
456,cert-manager/cert-manager,Certificate renewal triggers unnecessary TLS connection disruption in high-traffic services,cert-manager certificate renewal process triggers an unnecessary rotation of the Kubernetes Secret containing the TLS certificate and private key even when the new certificate has the same key pair. This causes a brief TLS connection disruption in services that watch the Secret for updates because they reload their TLS configuration on any Secret change. cert-manager should only rotate the Secret when the certificate content actually changes and should support issuing new certificates with the existing key pair when configured.,architecture;breaking change,Go,advanced,cert-manager;tls;kubernetes,True,8/16/2024,26,Certificate renewal triggers unnecessary TLS connection disruption in high-traffic services cert-manager certificate renewal process triggers an unnecessary rotation of the Kubernetes Secret containing the TLS certificate and private key even when the new certificate has the same key pair. This causes a brief TLS connection disruption in services that watch the Secret for updates because they reload their TLS configuration on any Secret change. cert-manager should only rotate the Secret when the certificate content actually changes and should support issuing new certificates with the existing key pair when configured. architecture;breaking change Go cert-manager;tls;kubernetes,certif renew trigger unnecessari tl connect disrupt high traffic servic cert manag certif renew process trigger unnecessari rotat kubernet secret contain tl certif privat key even new certif key pair caus brief tl connect disrupt servic watch secret updat reload tl configur secret chang cert manag rotat secret certif content actual chang support issu new certif exist key pair configur architectur break chang go cert manag tl kubernet,3
458,solo-dev/chaos-toolkit,Network partition simulation leaves stale iptables rules after test completion,The chaos-toolkit network partition experiment leaves stale iptables rules in place when the experiment is terminated abnormally via SIGKILL or when the rollback phase encounters an error. These stale rules cause persistent network connectivity issues on the test host that persist across chaos experiment runs and require manual cleanup. The experiment rollback handler must be implemented as a registered cleanup handler that executes even on abnormal termination. The current implementation relies on a finally block that does not execute on SIGKILL.,security;architecture,Python,advanced,chaos-engineering;networking;cleanup,True,2/4/2024,14,Network partition simulation leaves stale iptables rules after test completion The chaos-toolkit network partition experiment leaves stale iptables rules in place when the experiment is terminated abnormally via SIGKILL or when the rollback phase encounters an error. These stale rules cause persistent network connectivity issues on the test host that persist across chaos experiment runs and require manual cleanup. The experiment rollback handler must be implemented as a registered cleanup handler that executes even on abnormal termination. The current implementation relies on a finally block that does not execute on SIGKILL. security;architecture Python chaos-engineering;networking;cleanup,network partit simul leav stale iptabl rule test complet chao toolkit network partit experi leav stale iptabl rule place experi termin abnorm via sigkil rollback phase encount error stale rule caus persist network connect issu test host persist across chao experi run requir manual cleanup experi rollback handler must implement regist cleanup handler execut even abnorm termin current implement reli final block execut sigkil secur architectur python chao engin network cleanup,3
459,kedacore/keda,ScaledObject metric aggregation uses incorrect time window when multiple triggers are configured,KEDA ScaledObject metric aggregation uses the time window of the first trigger to aggregate metrics from all configured triggers when multiple triggers are present. This causes incorrect scaling decisions when different triggers have different cooldown periods. A ScaledObject with a Kafka trigger with 2-minute cooldown and a Prometheus trigger with 30-second cooldown will evaluate both triggers using the 2-minute window causing the Prometheus trigger to react too slowly to metric changes.,architecture;breaking change,Go,advanced,keda;autoscaling;kubernetes,True,3/21/2024,22,ScaledObject metric aggregation uses incorrect time window when multiple triggers are configured KEDA ScaledObject metric aggregation uses the time window of the first trigger to aggregate metrics from all configured triggers when multiple triggers are present. This causes incorrect scaling decisions when different triggers have different cooldown periods. A ScaledObject with a Kafka trigger with 2-minute cooldown and a Prometheus trigger with 30-second cooldown will evaluate both triggers using the 2-minute window causing the Prometheus trigger to react too slowly to metric changes. architecture;breaking change Go keda;autoscaling;kubernetes,scaledobject metric aggreg use incorrect time window multipl trigger configur keda scaledobject metric aggreg use time window first trigger aggreg metric configur trigger multipl trigger present caus incorrect scale decis differ trigger differ cooldown period scaledobject kafka trigger 2 minut cooldown prometheu trigger 30 second cooldown evalu trigger use 2 minut window caus prometheu trigger react slowli metric chang architectur break chang go keda autosc kubernet,3
461,kubeflow/kubeflow,Pipeline run garbage collection incorrectly deletes runs belonging to different namespaces,The Kubeflow Pipelines run garbage collection process has a namespace isolation bug where it can delete pipeline runs from namespaces other than the one it is configured to manage. This occurs when the run name is the same across namespaces and the garbage collector uses name-based matching instead of namespace-qualified unique identifiers. This is a data loss bug with cross-tenant impact in multi-tenant Kubeflow deployments. The fix requires the garbage collector to use the full namespace/name qualified identifier for all run operations.,security;architecture,Python,advanced,kubeflow;pipelines;multi-tenancy,True,9/18/2024,36,Pipeline run garbage collection incorrectly deletes runs belonging to different namespaces The Kubeflow Pipelines run garbage collection process has a namespace isolation bug where it can delete pipeline runs from namespaces other than the one it is configured to manage. This occurs when the run name is the same across namespaces and the garbage collector uses name-based matching instead of namespace-qualified unique identifiers. This is a data loss bug with cross-tenant impact in multi-tenant Kubeflow deployments. The fix requires the garbage collector to use the full namespace/name qualified identifier for all run operations. security;architecture Python kubeflow;pipelines;multi-tenancy,pipelin run garbag collect incorrectli delet run belong differ namespac kubeflow pipelin run garbag collect process namespac isol bug delet pipelin run namespac one configur manag occur run name across namespac garbag collector use name base match instead namespac qualifi uniqu identifi data loss bug cross tenant impact multi tenant kubeflow deploy fix requir garbag collector use full namespac name qualifi identifi run oper secur architectur python kubeflow pipelin multi tenanc,3
462,volcano-sh/volcano,Gang scheduling deadlock when multiple jobs compete for same resource quota simultaneously,Volcano gang scheduling implementation deadlocks when multiple jobs simultaneously compete for the same resource quota and each job minimum available pod count is greater than half the available quota slots. The scheduler attempts to allocate resources for all competing jobs simultaneously without a tie-breaking mechanism causing a circular wait where each job holds partial resources needed by the other. This results in all competing jobs being stuck in the Pending state indefinitely.,architecture;performance,Go,advanced,volcano;scheduling;kubernetes,True,3/2/2024,24,Gang scheduling deadlock when multiple jobs compete for same resource quota simultaneously Volcano gang scheduling implementation deadlocks when multiple jobs simultaneously compete for the same resource quota and each job minimum available pod count is greater than half the available quota slots. The scheduler attempts to allocate resources for all competing jobs simultaneously without a tie-breaking mechanism causing a circular wait where each job holds partial resources needed by the other. This results in all competing jobs being stuck in the Pending state indefinitely. architecture;performance Go volcano;scheduling;kubernetes,gang schedul deadlock multipl job compet resourc quota simultan volcano gang schedul implement deadlock multipl job simultan compet resourc quota job minimum avail pod count greater half avail quota slot schedul attempt alloc resourc compet job simultan without tie break mechan caus circular wait job hold partial resourc need result compet job stuck pend state indefinit architectur perform go volcano schedul kubernet,3
464,milvus-io/milvus,Segment compaction introduces vector index inconsistency under concurrent search,Milvus segment compaction introduces a brief period of vector index inconsistency when a compaction merges multiple segments while a concurrent search query is in flight. The search query may return results from the pre-compaction segment layout after the compaction has committed causing stale or missing vectors in the search results. The compaction commit protocol needs to coordinate with the search path using a segment generation counter to ensure searches see a consistent view of the segment layout before and after compaction.,architecture;performance,Go,advanced,milvus;vector-db;concurrency,True,10/4/2024,28,Segment compaction introduces vector index inconsistency under concurrent search Milvus segment compaction introduces a brief period of vector index inconsistency when a compaction merges multiple segments while a concurrent search query is in flight. The search query may return results from the pre-compaction segment layout after the compaction has committed causing stale or missing vectors in the search results. The compaction commit protocol needs to coordinate with the search path using a segment generation counter to ensure searches see a consistent view of the segment layout before and after compaction. architecture;performance Go milvus;vector-db;concurrency,segment compact introduc vector index inconsist concurr search milvu segment compact introduc brief period vector index inconsist compact merg multipl segment concurr search queri flight search queri may return result pre compact segment layout compact commit caus stale miss vector search result compact commit protocol need coordin search path use segment gener counter ensur search see consist view segment layout compact architectur perform go milvu vector db concurr,3
466,kuberay/kuberay,Ray cluster scaling blocked when autoscaler pod is evicted during scale-up operation,The KubeRay autoscaler pod being evicted during a scale-up operation leaves the Ray cluster in a partially scaled state from which it cannot recover automatically. The new autoscaler pod does not resume the in-progress scale-up operation and instead waits for the next autoscaler trigger. During this recovery window the Ray cluster has fewer nodes than needed causing job failures due to insufficient resources. The autoscaler should persist scale-up intent durably and resume in-progress operations on restart.,architecture;breaking change,Go,advanced,kuberay;autoscaling;ray,True,5/23/2024,15,Ray cluster scaling blocked when autoscaler pod is evicted during scale-up operation The KubeRay autoscaler pod being evicted during a scale-up operation leaves the Ray cluster in a partially scaled state from which it cannot recover automatically. The new autoscaler pod does not resume the in-progress scale-up operation and instead waits for the next autoscaler trigger. During this recovery window the Ray cluster has fewer nodes than needed causing job failures due to insufficient resources. The autoscaler should persist scale-up intent durably and resume in-progress operations on restart. architecture;breaking change Go kuberay;autoscaling;ray,ray cluster scale block autoscal pod evict scale oper kuberay autoscal pod evict scale oper leav ray cluster partial scale state cannot recov automat new autoscal pod resum progress scale oper instead wait next autoscal trigger recoveri window ray cluster fewer node need caus job failur due insuffici resourc autoscal persist scale intent durabl resum progress oper restart architectur break chang go kuberay autosc ray,3
471,django-auth-utils,Add docstring to user_serializer.py validate method,The validate_email function in serializers.py lacks proper documentation for custom validation rules. Please add a detailed docstring explaining the regex pattern used. This is a great task for someone new to Django Rest Framework.,documentation,Python,beginner,api,True,2023-07-15,3,Add docstring to user_serializer.py validate method The validate_email function in serializers.py lacks proper documentation for custom validation rules. Please add a detailed docstring explaining the regex pattern used. This is a great task for someone new to Django Rest Framework. documentation Python api,add docstr user serial py valid method valid email function serial py lack proper document custom valid rule pleas add detail docstr explain regex pattern use great task someon new django rest framework document python api,1
472,react-dashboard,Update tooltip color in StatusBar component,The StatusBar component in src/components/StatusBar.tsx uses a hardcoded hex color #333 for tooltips. Change this to use the theme variable from styled-components.,good first issue,JavaScript,beginner,frontend,True,2023-08-22,1,Update tooltip color in StatusBar component The StatusBar component in src/components/StatusBar.tsx uses a hardcoded hex color #333 for tooltips. Change this to use the theme variable from styled-components. good first issue JavaScript frontend,updat tooltip color statusbar compon statusbar compon src compon statusbar tsx use hardcod hex color 333 tooltip chang use theme variabl style compon good first issu javascript frontend,1
473,vite-plugin-svg,Fix type definition for svg sprite generator,The generated d.ts file for the sprite module misses the export type for IconProps. Update the rollup plugin to include the correct TypeScript interface.,enhancement,TypeScript,intermediate,devtools,True,2023-06-10,5,Fix type definition for svg sprite generator The generated d.ts file for the sprite module misses the export type for IconProps. Update the rollup plugin to include the correct TypeScript interface. enhancement TypeScript devtools,fix type definit svg sprite gener gener ts file sprite modul miss export type iconprop updat rollup plugin includ correct typescript interfac enhanc typescript devtool,2
474,fastapi-crud-template,Correct typo in README installation steps,The pip install command in the README.md is missing the -e flag for editable installs. Please correct the command block to match the setup.py configuration.,documentation,Python,beginner,cli,True,2023-09-05,0,Correct typo in README installation steps The pip install command in the README.md is missing the -e flag for editable installs. Please correct the command block to match the setup.py configuration. documentation Python cli,correct typo readm instal step pip instal command readm md miss e flag edit instal pleas correct command block match setup py configur document python cli,1
475,express-middleware-auth,Add unit test for token expiration edge case,The test file test/middleware.test.js does not cover the scenario where the JWT expires exactly at the request time. Add a Jest test case using jest.useFakeTimers.,help wanted,JavaScript,beginner,testing,True,2023-10-11,2,Add unit test for token expiration edge case The test file test/middleware.test.js does not cover the scenario where the JWT expires exactly at the request time. Add a Jest test case using jest.useFakeTimers. help wanted JavaScript testing,add unit test token expir edg case test file test middlewar test js cover scenario jwt expir exactli request time add jest test case use jest usefaketim help want javascript test,1
476,nextjs-blog-starter,Refactor getStaticProps to use ISR correctly,The current implementation in pages/blog/[slug].ts revalidates too frequently. Modify the revalidate interval to 60 seconds and handle the fallback beta mode.,refactor,TypeScript,intermediate,web,True,2023-11-30,8,Refactor getStaticProps to use ISR correctly The current implementation in pages/blog/[slug].ts revalidates too frequently. Modify the revalidate interval to 60 seconds and handle the fallback beta mode. refactor TypeScript web,refactor getstaticprop use isr correctli current implement page blog slug ts revalid frequent modifi revalid interv 60 second handl fallback beta mode refactor typescript web,2
477,pytest-plugins,Update fixture scope in conftest.py,The database fixture in tests/conftest.py is set to function scope but should be session scoped to speed up test suite execution. Change the scope and verify no side effects.,easy,Python,beginner,testing,True,2023-06-25,4,Update fixture scope in conftest.py The database fixture in tests/conftest.py is set to function scope but should be session scoped to speed up test suite execution. Change the scope and verify no side effects. easy Python testing,updat fixtur scope conftest py databas fixtur test conftest py set function scope session scope speed test suit execut chang scope verifi side effect easi python test,1
478,webpack-config-opt,Resolve loader conflict for CSS modules,The css-loader configuration in webpack.config.js conflicts with postcss-loader when handling global styles. Adjust the enforce order to fix the build error.,bug,JavaScript,intermediate,devtools,True,2024-01-14,12,Resolve loader conflict for CSS modules The css-loader configuration in webpack.config.js conflicts with postcss-loader when handling global styles. Adjust the enforce order to fix the build error. bug JavaScript devtools,resolv loader conflict css modul css loader configur webpack config js conflict postcss loader handl global style adjust enforc order fix build error bug javascript devtool,2
479,pydantic-settings,Add example for env_prefix usage in docs,The documentation for BaseSettings does not clearly show how to use env_prefix in a nested class structure. Add a code example to the advanced usage section.,documentation,Python,beginner,api,True,2024-02-20,1,Add example for env_prefix usage in docs The documentation for BaseSettings does not clearly show how to use env_prefix in a nested class structure. Add a code example to the advanced usage section. documentation Python api,add exampl env prefix usag doc document baseset clearli show use env prefix nest class structur add code exampl advanc usag section document python api,1
481,flask-rest-service,Change default port in app.run call,The main.py file hardcodes the port to 5000 which conflicts with other services. Change it to read from os.environ.get('PORT') with a default of 8080.,good first issue,Python,beginner,web,True,2024-03-10,0,Change default port in app.run call The main.py file hardcodes the port to 5000 which conflicts with other services. Change it to read from os.environ.get('PORT') with a default of 8080. good first issue Python web,chang default port app run call main py file hardcod port 5000 conflict servic chang read os environ get port default 8080 good first issu python web,1
482,jest-mock-utils,Create mock implementation for fetch API,The src/mocks/fetch.ts file is empty. Implement a mockFetch function that returns a resolved promise with a JSON body for testing network requests.,help wanted,JavaScript,beginner,testing,True,2024-04-05,3,Create mock implementation for fetch API The src/mocks/fetch.ts file is empty. Implement a mockFetch function that returns a resolved promise with a JSON body for testing network requests. help wanted JavaScript testing,creat mock implement fetch api src mock fetch ts file empti implement mockfetch function return resolv promis json bodi test network request help want javascript test,1
483,sqlalchemy-migrations,Optimize index creation on large tables,The migration script versions/004_add_index.py creates indexes without concurrently flag. Update the Alembic op to use postgresql_concurrently=True for production safety.,performance,Python,intermediate,database,True,2024-05-18,9,Optimize index creation on large tables The migration script versions/004_add_index.py creates indexes without concurrently flag. Update the Alembic op to use postgresql_concurrently=True for production safety. performance Python database,optim index creation larg tabl migrat script version 004 add index py creat index without concurr flag updat alemb op use postgresql concurr true product safeti perform python databas,2
484,vue-state-manager,Add TypeScript support for store actions,The store/actions.js file is plain JavaScript. Convert it to actions.ts and define interfaces for the payload and state to improve IDE autocomplete.,enhancement,TypeScript,intermediate,frontend,True,2024-06-22,6,Add TypeScript support for store actions The store/actions.js file is plain JavaScript. Convert it to actions.ts and define interfaces for the payload and state to improve IDE autocomplete. enhancement TypeScript frontend,add typescript support store action store action js file plain javascript convert action ts defin interfac payload state improv ide autocomplet enhanc typescript frontend,2
485,celery-task-queue,Fix retry logic in send_email task,The tasks.py send_email function retries indefinitely on SMTP errors. Add a max_retries limit and exponential backoff using the celery retry mechanism.,bug,Python,intermediate,automation,True,2024-07-01,11,Fix retry logic in send_email task The tasks.py send_email function retries indefinitely on SMTP errors. Add a max_retries limit and exponential backoff using the celery retry mechanism. bug Python automation,fix retri logic send email task task py send email function retri indefinit smtp error add max retri limit exponenti backoff use celeri retri mechan bug python autom,2
486,node-cli-tool,Update commander.js to latest version,The package.json relies on an old version of commander which has a security vulnerability. Upgrade to version 12 and fix any breaking API changes in bin/cli.js.,enhancement,JavaScript,intermediate,cli,True,2024-08-15,4,Update commander.js to latest version The package.json relies on an old version of commander which has a security vulnerability. Upgrade to version 12 and fix any breaking API changes in bin/cli.js. enhancement JavaScript cli,updat command js latest version packag json reli old version command secur vulner upgrad version 12 fix break api chang bin cli js enhanc javascript cli,2
487,pandas-data-cleaner,Add example notebook for missing value imputation,There is no example showing how to use the impute_column function. Create a Jupyter notebook in the examples folder demonstrating usage on a sample CSV.,documentation,Python,beginner,devtools,True,2024-09-03,2,Add example notebook for missing value imputation There is no example showing how to use the impute_column function. Create a Jupyter notebook in the examples folder demonstrating usage on a sample CSV. documentation Python devtools,add exampl notebook miss valu imput exampl show use imput column function creat jupyt notebook exampl folder demonstr usag sampl csv document python devtool,1
488,typescipt-eslint-rules,Fix false positive in no-unused-vars rule,The rule implementation in src/rules/no-unused-vars.ts flags variables used in template strings incorrectly. Adjust the AST visitor to handle TaggedTemplateExpression.,bug,TypeScript,intermediate,devtools,True,2024-10-12,15,Fix false positive in no-unused-vars rule The rule implementation in src/rules/no-unused-vars.ts flags variables used in template strings incorrectly. Adjust the AST visitor to handle TaggedTemplateExpression. bug TypeScript devtools,fix fals posit unus var rule rule implement src rule unus var ts flag variabl use templat string incorrectli adjust ast visitor handl taggedtemplateexpress bug typescript devtool,2
489,aiohttp-proxy,Handle timeout exceptions in proxy middleware,The middleware.py file does not catch asyncio.TimeoutError during upstream requests. Add a try-except block to return a 504 Gateway Timeout response.,enhancement,Python,intermediate,web,True,2024-11-05,5,Handle timeout exceptions in proxy middleware The middleware.py file does not catch asyncio.TimeoutError during upstream requests. Add a try-except block to return a 504 Gateway Timeout response. enhancement Python web,handl timeout except proxi middlewar middlewar py file catch asyncio timeouterror upstream request add tri except block return 504 gateway timeout respons enhanc python web,2
491,numpy-extensions,Add docstring to matrix_multiply wrapper,The function in extensions/linalg.py lacks argument descriptions. Document the shape requirements for input arrays A and B in the numpy docstring format.,documentation,Python,beginner,devtools,True,2023-07-28,1,Add docstring to matrix_multiply wrapper The function in extensions/linalg.py lacks argument descriptions. Document the shape requirements for input arrays A and B in the numpy docstring format. documentation Python devtools,add docstr matrix multipli wrapper function extens linalg py lack argument descript document shape requir input array b numpi docstr format document python devtool,1
492,express-middleware-auth,Fix CORS headers in options handler,The cors.middleware.js file fails to set Access-Control-Allow-Methods for OPTIONS requests. Update the header logic to include PUT and DELETE verbs.,bug,JavaScript,intermediate,api,True,2023-08-14,6,Fix CORS headers in options handler The cors.middleware.js file fails to set Access-Control-Allow-Methods for OPTIONS requests. Update the header logic to include PUT and DELETE verbs. bug JavaScript api,fix cor header option handler cor middlewar js file fail set access control allow method option request updat header logic includ put delet verb bug javascript api,2
493,vite-plugin-utils,Support custom file extensions in import plugin,The plugin currently only handles .vue files. Modify the resolveId hook in src/plugin.ts to also resolve .mdx files for documentation sites.,enhancement,TypeScript,intermediate,devtools,True,2023-09-20,3,Support custom file extensions in import plugin The plugin currently only handles .vue files. Modify the resolveId hook in src/plugin.ts to also resolve .mdx files for documentation sites. enhancement TypeScript devtools,support custom file extens import plugin plugin current handl vue file modifi resolveid hook src plugin ts also resolv mdx file document site enhanc typescript devtool,2
494,django-auth-utils,Update password validator error messages,The validators.py file uses generic error messages. Update them to specify minimum length and special character requirements for better UX.,easy,Python,beginner,web,True,2023-10-05,0,Update password validator error messages The validators.py file uses generic error messages. Update them to specify minimum length and special character requirements for better UX. easy Python web,updat password valid error messag valid py file use gener error messag updat specifi minimum length special charact requir better ux easi python web,1
495,nextjs-blog-starter,Fix image optimization warning in build,The build process throws a warning about unoptimized images in the posts folder. Configure next.config.js to include the remote pattern for the CMS.,bug,JavaScript,intermediate,frontend,True,2023-11-11,4,Fix image optimization warning in build The build process throws a warning about unoptimized images in the posts folder. Configure next.config.js to include the remote pattern for the CMS. bug JavaScript frontend,fix imag optim warn build build process throw warn unoptim imag post folder configur next config js includ remot pattern cm bug javascript frontend,2
496,pydantic-settings,Add validation for email field type,The Settings class does not validate if the ADMIN_EMAIL field is a valid email format. Use the pydantic EmailStr type hint to enforce validation.,enhancement,Python,intermediate,api,True,2023-12-19,7,Add validation for email field type The Settings class does not validate if the ADMIN_EMAIL field is a valid email format. Use the pydantic EmailStr type hint to enforce validation. enhancement Python api,add valid email field type set class valid admin email field valid email format use pydant emailstr type hint enforc valid enhanc python api,2
497,angular-directive-pack,Create unit test for ToggleDirective,The file toggle.directive.spec.ts is missing. Write tests to verify the class toggling behavior when the input property changes.,help wanted,TypeScript,beginner,testing,True,2024-01-25,2,Create unit test for ToggleDirective The file toggle.directive.spec.ts is missing. Write tests to verify the class toggling behavior when the input property changes. help wanted TypeScript testing,creat unit test toggledirect file toggl direct spec ts miss write test verifi class toggl behavior input properti chang help want typescript test,1
498,flask-rest-service,Remove hardcoded secret key in config,The config.py file contains a hardcoded SECRET_KEY. Move this to an environment variable and update the documentation to reflect the change.,good first issue,Python,beginner,security,True,2024-02-14,5,Remove hardcoded secret key in config The config.py file contains a hardcoded SECRET_KEY. Move this to an environment variable and update the documentation to reflect the change. good first issue Python security,remov hardcod secret key config config py file contain hardcod secret key move environ variabl updat document reflect chang good first issu python secur,1
499,webpack-config-opt,Enable tree shaking for production builds,The optimization configuration in webpack.config.js disables sideEffects. Set sideEffects to false in package.json and update webpack to remove unused exports.,performance,JavaScript,intermediate,devtools,True,2024-03-30,10,Enable tree shaking for production builds The optimization configuration in webpack.config.js disables sideEffects. Set sideEffects to false in package.json and update webpack to remove unused exports. performance JavaScript devtools,enabl tree shake product build optim configur webpack config js disabl sideeffect set sideeffect fals packag json updat webpack remov unus export perform javascript devtool,2
501,sqlalchemy-migrations,Add comment to migration revision head,The migration file lacks a comment explaining the schema change. Add a docstring at the top of the file describing the added column and reason.,documentation,Python,beginner,database,True,2024-05-09,1,Add comment to migration revision head The migration file lacks a comment explaining the schema change. Add a docstring at the top of the file describing the added column and reason. documentation Python database,add comment migrat revis head migrat file lack comment explain schema chang add docstr top file describ ad column reason document python databas,1
502,vue-state-manager,Update Vuex store to use Pinia,The project is migrating from Vuex to Pinia. Refactor the store/index.js file to use the createStore pattern from pinia library.,refactor,JavaScript,intermediate,frontend,True,2024-06-15,13,Update Vuex store to use Pinia The project is migrating from Vuex to Pinia. Refactor the store/index.js file to use the createStore pattern from pinia library. refactor JavaScript frontend,updat vuex store use pinia project migrat vuex pinia refactor store index js file use createstor pattern pinia librari refactor javascript frontend,2
503,celery-task-queue,Add logging to task startup,The worker logs do not show which task is starting. Add a logger.info call at the beginning of the task function in tasks.py to include task_id.,enhancement,Python,beginner,automation,True,2024-07-22,3,Add logging to task startup The worker logs do not show which task is starting. Add a logger.info call at the beginning of the task function in tasks.py to include task_id. enhancement Python automation,add log task startup worker log show task start add logger info call begin task function task py includ task id enhanc python autom,1
504,node-cli-tool,Handle SIGINT signal gracefully,The CLI tool does not clean up temp files when interrupted. Add a process.on('SIGINT') listener in bin/cli.js to remove temporary directories.,bug,JavaScript,intermediate,cli,True,2024-08-05,6,Handle SIGINT signal gracefully The CLI tool does not clean up temp files when interrupted. Add a process.on('SIGINT') listener in bin/cli.js to remove temporary directories. bug JavaScript cli,handl sigint signal grace cli tool clean temp file interrupt add process sigint listen bin cli js remov temporari directori bug javascript cli,2
505,pandas-data-cleaner,Fix dtype warning in read_csv wrapper,The function throws a DtypeWarning when mixed types are found. Add the low_memory=False parameter to the pandas read_csv call inside the wrapper.,bug,Python,intermediate,devtools,True,2024-09-12,4,Fix dtype warning in read_csv wrapper The function throws a DtypeWarning when mixed types are found. Add the low_memory=False parameter to the pandas read_csv call inside the wrapper. bug Python devtools,fix dtype warn read csv wrapper function throw dtypewarn mix type found add low memori fals paramet panda read csv call insid wrapper bug python devtool,2
506,typescipt-eslint-rules,Add configuration option for rule severity,Users want to configure the rule as warning instead of error. Update the schema in src/config.ts to accept 'warn' | 'error' and apply it in the create function.,enhancement,TypeScript,intermediate,devtools,True,2024-10-28,8,Add configuration option for rule severity Users want to configure the rule as warning instead of error. Update the schema in src/config.ts to accept 'warn' | 'error' and apply it in the create function. enhancement TypeScript devtools,add configur option rule sever user want configur rule warn instead error updat schema src config ts accept warn error appli creat function enhanc typescript devtool,2
507,aiohttp-proxy,Update dependency aiohttp to v3.9,The current version has a known vulnerability. Upgrade aiohttp in requirements.txt and fix the deprecated ClientSession usage in proxy.py.,enhancement,Python,intermediate,web,True,2024-11-15,5,Update dependency aiohttp to v3.9 The current version has a known vulnerability. Upgrade aiohttp in requirements.txt and fix the deprecated ClientSession usage in proxy.py. enhancement Python web,updat depend aiohttp v3 9 current version known vulner upgrad aiohttp requir txt fix deprec clientsess usag proxi py enhanc python web,2
508,react-component-lib,Add accessibility aria-label to Icon component,The Icon component renders an SVG without aria-label. Add a prop to pass the label and apply it to the SVG element for screen readers.,good first issue,JavaScript,beginner,frontend,True,2024-12-01,2,Add accessibility aria-label to Icon component The Icon component renders an SVG without aria-label. Add a prop to pass the label and apply it to the SVG element for screen readers. good first issue JavaScript frontend,add access aria label icon compon icon compon render svg without aria label add prop pass label appli svg element screen reader good first issu javascript frontend,1
510,express-middleware-auth,Add rate limiting to login endpoint,The auth routes do not have rate limiting. Implement express-rate-limit middleware in routes/auth.js to prevent brute force attacks.,enhancement,JavaScript,intermediate,api,True,2023-07-10,7,Add rate limiting to login endpoint The auth routes do not have rate limiting. Implement express-rate-limit middleware in routes/auth.js to prevent brute force attacks. enhancement JavaScript api,add rate limit login endpoint auth rout rate limit implement express rate limit middlewar rout auth js prevent brute forc attack enhanc javascript api,2
511,vite-plugin-utils,Fix sourcemap generation for plugins,The generated sourcemaps are incorrect for transformed code. Update the transform hook in src/plugin.ts to return the map property correctly.,bug,TypeScript,intermediate,devtools,True,2023-08-05,11,Fix sourcemap generation for plugins The generated sourcemaps are incorrect for transformed code. Update the transform hook in src/plugin.ts to return the map property correctly. bug TypeScript devtools,fix sourcemap gener plugin gener sourcemap incorrect transform code updat transform hook src plugin ts return map properti correctli bug typescript devtool,2
512,django-auth-utils,Create migration for new user profile field,Add a migration to include the phone_number field in the UserProfile model. Ensure the field is nullable to avoid breaking existing deployments.,help wanted,Python,beginner,database,True,2023-09-18,4,Create migration for new user profile field Add a migration to include the phone_number field in the UserProfile model. Ensure the field is nullable to avoid breaking existing deployments. help wanted Python database,creat migrat new user profil field add migrat includ phone number field userprofil model ensur field nullabl avoid break exist deploy help want python databas,1
513,nextjs-blog-starter,Optimize font loading in layout.tsx,The fonts are loading render-blocking. Use next/font/google to optimize the Inter font loading strategy in the root layout.,performance,JavaScript,intermediate,frontend,True,2023-10-25,6,Optimize font loading in layout.tsx The fonts are loading render-blocking. Use next/font/google to optimize the Inter font loading strategy in the root layout. performance JavaScript frontend,optim font load layout tsx font load render block use next font googl optim inter font load strategi root layout perform javascript frontend,2
514,pydantic-settings,Support dotenv file loading explicitly,The settings do not load from .env file by default. Update the Config class to set env_file='.env' explicitly in the base settings module.,enhancement,Python,beginner,cli,True,2023-11-30,2,Support dotenv file loading explicitly The settings do not load from .env file by default. Update the Config class to set env_file='.env' explicitly in the base settings module. enhancement Python cli,support dotenv file load explicitli set load env file default updat config class set env file env explicitli base set modul enhanc python cli,1
516,flask-rest-service,Add health check endpoint,Create a new route /health in app.py that returns 200 OK. This is needed for Kubernetes liveness probes.,good first issue,Python,beginner,web,True,2024-01-08,1,Add health check endpoint Create a new route /health in app.py that returns 200 OK. This is needed for Kubernetes liveness probes. good first issue Python web,add health check endpoint creat new rout health app py return 200 ok need kubernet live probe good first issu python web,1
517,webpack-config-opt,Split vendor chunks for better caching,The bundle.js is too large. Configure optimization.splitChunks in webpack.config.js to separate node_modules into a vendor chunk.,performance,JavaScript,intermediate,devtools,True,2024-02-22,8,Split vendor chunks for better caching The bundle.js is too large. Configure optimization.splitChunks in webpack.config.js to separate node_modules into a vendor chunk. performance JavaScript devtools,split vendor chunk better cach bundl js larg configur optim splitchunk webpack config js separ node modul vendor chunk perform javascript devtool,2
518,jest-mock-utils,Add TypeScript definitions for mock helpers,The helper functions are untyped. Create a index.d.ts file to export types for the mock generators used in the test suite.,enhancement,JavaScript,intermediate,testing,True,2024-03-15,5,Add TypeScript definitions for mock helpers The helper functions are untyped. Create a index.d.ts file to export types for the mock generators used in the test suite. enhancement JavaScript testing,add typescript definit mock helper helper function untyp creat index ts file export type mock gener use test suit enhanc javascript test,2
519,sqlalchemy-migrations,Downgrade script fails on foreign key constraint,The downgrade function in versions/005_.py drops a table with FK references. Add code to drop constraints before dropping the table.,bug,Python,intermediate,database,True,2024-04-20,10,Downgrade script fails on foreign key constraint The downgrade function in versions/005_.py drops a table with FK references. Add code to drop constraints before dropping the table. bug Python database,downgrad script fail foreign key constraint downgrad function version 005 py drop tabl fk refer add code drop constraint drop tabl bug python databas,2
520,vue-state-manager,Fix reactivity loss in nested objects,The state updates are not triggering re-render for nested properties. Use Vue.set or spread operator in the mutation to ensure reactivity.,bug,JavaScript,intermediate,frontend,True,2024-05-25,7,Fix reactivity loss in nested objects The state updates are not triggering re-render for nested properties. Use Vue.set or spread operator in the mutation to ensure reactivity. bug JavaScript frontend,fix reactiv loss nest object state updat trigger render nest properti use vue set spread oper mutat ensur reactiv bug javascript frontend,2
521,celery-task-queue,Configure Redis connection pool size,The default pool size is too small for high load. Update the celery config to set broker_pool_limit to 10 in celeryconfig.py.,enhancement,Python,intermediate,automation,True,2024-06-30,4,Configure Redis connection pool size The default pool size is too small for high load. Update the celery config to set broker_pool_limit to 10 in celeryconfig.py. enhancement Python automation,configur redi connect pool size default pool size small high load updat celeri config set broker pool limit 10 celeryconfig py enhanc python autom,2
522,node-cli-tool,Add version flag to CLI,Users cannot check the tool version easily. Add a -v or --version flag in bin/cli.js that prints the version from package.json.,easy,JavaScript,beginner,cli,True,2024-07-15,0,Add version flag to CLI Users cannot check the tool version easily. Add a -v or --version flag in bin/cli.js that prints the version from package.json. easy JavaScript cli,add version flag cli user cannot check tool version easili add v version flag bin cli js print version packag json easi javascript cli,1
524,typescipt-eslint-rules,Fix crash on empty source file,The rule crashes when visiting an empty AST. Add a check in the visitor function to return early if the body array is empty.,bug,TypeScript,intermediate,devtools,True,2024-09-10,12,Fix crash on empty source file The rule crashes when visiting an empty AST. Add a check in the visitor function to return early if the body array is empty. bug TypeScript devtools,fix crash empti sourc file rule crash visit empti ast add check visitor function return earli bodi array empti bug typescript devtool,2
525,aiohttp-proxy,Add support for WebSocket upgrades,The proxy fails to handle Upgrade: websocket headers. Implement logic in middleware.py to pass through WebSocket connections without modification.,enhancement,Python,intermediate,web,True,2024-10-05,9,Add support for WebSocket upgrades The proxy fails to handle Upgrade: websocket headers. Implement logic in middleware.py to pass through WebSocket connections without modification. enhancement Python web,add support websocket upgrad proxi fail handl upgrad websocket header implement logic middlewar py pass websocket connect without modif enhanc python web,2
526,react-component-lib,Update PropTypes for Card component,The Card component accepts a children prop but it is not marked as required. Update the PropTypes definition to enforce children presence.,documentation,JavaScript,beginner,frontend,True,2024-11-20,3,Update PropTypes for Card component The Card component accepts a children prop but it is not marked as required. Update the PropTypes definition to enforce children presence. documentation JavaScript frontend,updat proptyp card compon card compon accept children prop mark requir updat proptyp definit enforc children presenc document javascript frontend,1
527,numpy-extensions,Add unit test for linalg module,The linalg module has no tests. Create test_linalg.py and add a test case for the matrix_multiply function using known input/output pairs.,help wanted,Python,beginner,testing,True,2024-12-15,2,Add unit test for linalg module The linalg module has no tests. Create test_linalg.py and add a test case for the matrix_multiply function using known input/output pairs. help wanted Python testing,add unit test linalg modul linalg modul test creat test linalg py add test case matrix multipli function use known input output pair help want python test,1
528,express-middleware-auth,Refactor token extraction logic,The token extraction is duplicated in three middleware files. Create a utility function in utils/token.js and import it where needed.,refactor,JavaScript,intermediate,api,True,2023-06-20,5,Refactor token extraction logic The token extraction is duplicated in three middleware files. Create a utility function in utils/token.js and import it where needed. refactor JavaScript api,refactor token extract logic token extract duplic three middlewar file creat util function util token js import need refactor javascript api,2
529,vite-plugin-utils,Support environment variables in plugin,The plugin hardcodes the API URL. Update the plugin options in src/plugin.ts to accept an apiUrl parameter from vite.config.ts.,enhancement,TypeScript,intermediate,devtools,True,2023-07-05,7,Support environment variables in plugin The plugin hardcodes the API URL. Update the plugin options in src/plugin.ts to accept an apiUrl parameter from vite.config.ts. enhancement TypeScript devtools,support environ variabl plugin plugin hardcod api url updat plugin option src plugin ts accept apiurl paramet vite config ts enhanc typescript devtool,2
531,nextjs-blog-starter,Add sitemap.xml generation,The site lacks a sitemap for SEO. Create a pages/sitemap.xml.tsx file that generates a sitemap based on the blog posts data.,enhancement,JavaScript,intermediate,web,True,2023-09-25,6,Add sitemap.xml generation The site lacks a sitemap for SEO. Create a pages/sitemap.xml.tsx file that generates a sitemap based on the blog posts data. enhancement JavaScript web,add sitemap xml gener site lack sitemap seo creat page sitemap xml tsx file gener sitemap base blog post data enhanc javascript web,2
532,pydantic-settings,Validate field length constraints,The PASSWORD field has no length constraint. Add a Field validator with min_length=8 in the settings class definition.,enhancement,Python,beginner,api,True,2023-10-30,4,Validate field length constraints The PASSWORD field has no length constraint. Add a Field validator with min_length=8 in the settings class definition. enhancement Python api,valid field length constraint password field length constraint add field valid min length 8 set class definit enhanc python api,1
533,angular-directive-pack,Add input validation for mask directive,The mask directive accepts any string. Add a validator to ensure the mask pattern only contains valid placeholders like A or 0.,bug,TypeScript,intermediate,frontend,True,2023-11-15,10,Add input validation for mask directive The mask directive accepts any string. Add a validator to ensure the mask pattern only contains valid placeholders like A or 0. bug TypeScript frontend,add input valid mask direct mask direct accept string add valid ensur mask pattern contain valid placehold like 0 bug typescript frontend,2
534,flask-rest-service,Enable debug mode only in development,The app runs in debug mode in production. Update the run script to check FLASK_ENV variable before setting debug=True.,bug,Python,beginner,web,True,2023-12-20,3,Enable debug mode only in development The app runs in debug mode in production. Update the run script to check FLASK_ENV variable before setting debug=True. bug Python web,enabl debug mode develop app run debug mode product updat run script check flask env variabl set debug true bug python web,1
535,webpack-config-opt,Fix path resolution for assets,The assets are not loading due to incorrect publicPath. Set output.publicPath to '/' in webpack.config.js to fix the 404 errors.,bug,JavaScript,intermediate,devtools,True,2024-01-10,5,Fix path resolution for assets The assets are not loading due to incorrect publicPath. Set output.publicPath to '/' in webpack.config.js to fix the 404 errors. bug JavaScript devtools,fix path resolut asset asset load due incorrect publicpath set output publicpath webpack config js fix 404 error bug javascript devtool,2
536,jest-mock-utils,Mock window.location in test environment,Tests fail because window.location is read-only. Add a setup file to mock window.location.href using Object.defineProperty.,help wanted,JavaScript,beginner,testing,True,2024-02-05,2,Mock window.location in test environment Tests fail because window.location is read-only. Add a setup file to mock window.location.href using Object.defineProperty. help wanted JavaScript testing,mock window locat test environ test fail window locat read add setup file mock window locat href use object defineproperti help want javascript test,1
537,sqlalchemy-migrations,Add index to frequently queried column,The user_email column is queried often but not indexed. Create a new migration to add an index on this column for performance.,performance,Python,intermediate,database,True,2024-03-12,7,Add index to frequently queried column The user_email column is queried often but not indexed. Create a new migration to add an index on this column for performance. performance Python database,add index frequent queri column user email column queri often index creat new migrat add index column perform perform python databas,2
538,vue-state-manager,Implement persistent state plugin,The state resets on page refresh. Create a plugin that saves the store to localStorage and hydrates it on initialization.,enhancement,JavaScript,intermediate,frontend,True,2024-04-25,9,Implement persistent state plugin The state resets on page refresh. Create a plugin that saves the store to localStorage and hydrates it on initialization. enhancement JavaScript frontend,implement persist state plugin state reset page refresh creat plugin save store localstorag hydrat initi enhanc javascript frontend,2
539,celery-task-queue,Fix task serialization error,The task arguments include a datetime object which fails serialization. Convert datetime to ISO string before passing to the task in views.py.,bug,Python,intermediate,automation,True,2024-05-30,6,Fix task serialization error The task arguments include a datetime object which fails serialization. Convert datetime to ISO string before passing to the task in views.py. bug Python automation,fix task serial error task argument includ datetim object fail serial convert datetim iso string pass task view py bug python autom,2
540,node-cli-tool,Add progress bar for long operations,The CLI hangs during large file processing. Integrate the cli-progress package in bin/cli.js to show a progress bar.,enhancement,JavaScript,intermediate,cli,True,2024-06-18,4,Add progress bar for long operations The CLI hangs during large file processing. Integrate the cli-progress package in bin/cli.js to show a progress bar. enhancement JavaScript cli,add progress bar long oper cli hang larg file process integr cli progress packag bin cli js show progress bar enhanc javascript cli,2
541,pandas-data-cleaner,Handle encoding errors in file read,The loader crashes on non-UTF8 files. Add errors='ignore' parameter to the open function in the data loader module.,bug,Python,beginner,devtools,True,2024-07-25,3,Handle encoding errors in file read The loader crashes on non-UTF8 files. Add errors='ignore' parameter to the open function in the data loader module. bug Python devtools,handl encod error file read loader crash non utf8 file add error ignor paramet open function data loader modul bug python devtool,1
542,typescipt-eslint-rules,Support JSX files in rule visitor,The rule does not visit JSX elements. Update the AST selector in src/rule.ts to include JSXElement nodes.,enhancement,TypeScript,intermediate,devtools,True,2024-08-10,8,Support JSX files in rule visitor The rule does not visit JSX elements. Update the AST selector in src/rule.ts to include JSXElement nodes. enhancement TypeScript devtools,support jsx file rule visitor rule visit jsx element updat ast selector src rule ts includ jsxelement node enhanc typescript devtool,2
543,aiohttp-proxy,Log request duration for monitoring,Add timing logic to middleware.py to log the duration of each proxied request using time.time().,good first issue,Python,beginner,web,True,2024-09-22,1,Log request duration for monitoring Add timing logic to middleware.py to log the duration of each proxied request using time.time(). good first issue Python web,log request durat monitor add time logic middlewar py log durat proxi request use time time good first issu python web,1
545,numpy-extensions,Update setup.py for Python 3.12,The setup.py uses deprecated distutils. Migrate to setuptools and update the classifiers to include Python 3.12.,enhancement,Python,intermediate,devtools,True,2024-11-28,7,Update setup.py for Python 3.12 The setup.py uses deprecated distutils. Migrate to setuptools and update the classifiers to include Python 3.12. enhancement Python devtools,updat setup py python 3 12 setup py use deprec distutil migrat setuptool updat classifi includ python 3 12 enhanc python devtool,2
547,vite-plugin-utils,Fix build error on Windows paths,The plugin fails to resolve paths with backslashes. Use path.normalize in src/plugin.ts to handle Windows file paths correctly.,bug,TypeScript,intermediate,devtools,True,2023-06-05,9,Fix build error on Windows paths The plugin fails to resolve paths with backslashes. Use path.normalize in src/plugin.ts to handle Windows file paths correctly. bug TypeScript devtools,fix build error window path plugin fail resolv path backslash use path normal src plugin ts handl window file path correctli bug typescript devtool,2
548,django-auth-utils,Add signal for user profile creation,Create a signal to automatically create a UserProfile when a User is saved. Connect the signal in apps.py using post_save.,help wanted,Python,beginner,database,True,2023-07-18,4,Add signal for user profile creation Create a signal to automatically create a UserProfile when a User is saved. Connect the signal in apps.py using post_save. help wanted Python database,add signal user profil creation creat signal automat creat userprofil user save connect signal app py use post save help want python databas,1
549,nextjs-blog-starter,Fix hydration mismatch in date component,The server renders a different date format than the client. Ensure the date formatting function uses the same locale on both sides.,bug,JavaScript,intermediate,frontend,True,2023-08-29,6,Fix hydration mismatch in date component The server renders a different date format than the client. Ensure the date formatting function uses the same locale on both sides. bug JavaScript frontend,fix hydrat mismatch date compon server render differ date format client ensur date format function use local side bug javascript frontend,2
550,pydantic-settings,Add example for nested settings class,The docs lack an example for nested settings. Add a code snippet showing how to define a DatabaseSettings class within MainSettings.,documentation,Python,beginner,api,True,2023-09-14,1,Add example for nested settings class The docs lack an example for nested settings. Add a code snippet showing how to define a DatabaseSettings class within MainSettings. documentation Python api,add exampl nest set class doc lack exampl nest set add code snippet show defin databaseset class within mainset document python api,1
551,angular-directive-pack,Optimize change detection in directive,The directive triggers change detection too often. Use ChangeDetectionStrategy.OnPush in the component using the directive.,performance,TypeScript,intermediate,frontend,True,2023-10-20,8,Optimize change detection in directive The directive triggers change detection too often. Use ChangeDetectionStrategy.OnPush in the component using the directive. performance TypeScript frontend,optim chang detect direct direct trigger chang detect often use changedetectionstrategi onpush compon use direct perform typescript frontend,2
552,flask-rest-service,Add request logging middleware,Implement a middleware function in app.py to log the method and path of every incoming request before processing.,enhancement,Python,beginner,web,True,2023-11-25,3,Add request logging middleware Implement a middleware function in app.py to log the method and path of every incoming request before processing. enhancement Python web,add request log middlewar implement middlewar function app py log method path everi incom request process enhanc python web,1
553,webpack-config-opt,Minify CSS in production build,The CSS is not minified in production. Enable the CssMinimizerPlugin in webpack.config.js for the production configuration.,performance,JavaScript,intermediate,devtools,True,2023-12-30,5,Minify CSS in production build The CSS is not minified in production. Enable the CssMinimizerPlugin in webpack.config.js for the production configuration. performance JavaScript devtools,minifi css product build css minifi product enabl cssminimizerplugin webpack config js product configur perform javascript devtool,2
554,jest-mock-utils,Create mock for localStorage API,Tests fail because localStorage is undefined in Node. Add a mock implementation for localStorage in the jest setup file.,help wanted,JavaScript,beginner,testing,True,2024-01-15,2,Create mock for localStorage API Tests fail because localStorage is undefined in Node. Add a mock implementation for localStorage in the jest setup file. help wanted JavaScript testing,creat mock localstorag api test fail localstorag undefin node add mock implement localstorag jest setup file help want javascript test,1
556,vue-state-manager,Add getter for computed user data,The user data is accessed directly in components. Create a getter in the store that returns the filtered user list.,enhancement,JavaScript,beginner,frontend,True,2024-03-22,4,Add getter for computed user data The user data is accessed directly in components. Create a getter in the store that returns the filtered user list. enhancement JavaScript frontend,add getter comput user data user data access directli compon creat getter store return filter user list enhanc javascript frontend,1
557,celery-task-queue,Add retry delay configuration,The retry delay is hardcoded. Add a CELERY_RETRY_DELAY setting in celeryconfig.py and use it in the task retry call.,enhancement,Python,intermediate,automation,True,2024-04-10,6,Add retry delay configuration The retry delay is hardcoded. Add a CELERY_RETRY_DELAY setting in celeryconfig.py and use it in the task retry call. enhancement Python automation,add retri delay configur retri delay hardcod add celeri retri delay set celeryconfig py use task retri call enhanc python autom,2
558,node-cli-tool,Fix argument parsing for flags,The CLI fails when multiple flags are passed. Update the argument parser in bin/cli.js to handle multiple boolean flags correctly.,bug,JavaScript,intermediate,cli,True,2024-05-15,7,Fix argument parsing for flags The CLI fails when multiple flags are passed. Update the argument parser in bin/cli.js to handle multiple boolean flags correctly. bug JavaScript cli,fix argument pars flag cli fail multipl flag pass updat argument parser bin cli js handl multipl boolean flag correctli bug javascript cli,2
559,pandas-data-cleaner,Add function to drop duplicate rows,Implement a drop_duplicates wrapper in cleaner.py that calls the pandas method with subset parameter.,good first issue,Python,beginner,devtools,True,2024-06-20,1,Add function to drop duplicate rows Implement a drop_duplicates wrapper in cleaner.py that calls the pandas method with subset parameter. good first issue Python devtools,add function drop duplic row implement drop duplic wrapper cleaner py call panda method subset paramet good first issu python devtool,1
560,typescipt-eslint-rules,Add fixer for auto-correction,The rule reports errors but does not fix them. Implement the fixer function in src/rule.ts to automatically rename the variable.,enhancement,TypeScript,intermediate,devtools,True,2024-07-05,9,Add fixer for auto-correction The rule reports errors but does not fix them. Implement the fixer function in src/rule.ts to automatically rename the variable. enhancement TypeScript devtools,add fixer auto correct rule report error fix implement fixer function src rule ts automat renam variabl enhanc typescript devtool,2
561,aiohttp-proxy,Handle 503 errors from upstream,The proxy returns 500 when upstream is unavailable. Update the error handler in middleware.py to return 503 if the upstream status is 503.,bug,Python,intermediate,web,True,2024-08-18,5,Handle 503 errors from upstream The proxy returns 500 when upstream is unavailable. Update the error handler in middleware.py to return 503 if the upstream status is 503. bug Python web,handl 503 error upstream proxi return 500 upstream unavail updat error handler middlewar py return 503 upstream statu 503 bug python web,2
562,react-component-lib,Add storybook story for Button states,There is no story for the disabled state. Add a new story in Button.stories.js that renders the Button with disabled prop.,documentation,JavaScript,beginner,frontend,True,2024-09-30,3,Add storybook story for Button states There is no story for the disabled state. Add a new story in Button.stories.js that renders the Button with disabled prop. documentation JavaScript frontend,add storybook stori button state stori disabl state add new stori button stori js render button disabl prop document javascript frontend,1
563,numpy-extensions,Fix division by zero warning,The normalization function triggers a warning when sum is zero. Add a check to return zeros if the denominator is zero in linalg.py.,bug,Python,intermediate,devtools,True,2024-10-22,8,Fix division by zero warning The normalization function triggers a warning when sum is zero. Add a check to return zeros if the denominator is zero in linalg.py. bug Python devtools,fix divis zero warn normal function trigger warn sum zero add check return zero denomin zero linalg py bug python devtool,2
564,express-middleware-auth,Update JWT library to latest version,The jsonwebtoken library is outdated. Upgrade the package and update the sign/verify calls in auth.service.js to match new API.,enhancement,JavaScript,intermediate,api,True,2024-11-12,6,Update JWT library to latest version The jsonwebtoken library is outdated. Upgrade the package and update the sign/verify calls in auth.service.js to match new API. enhancement JavaScript api,updat jwt librari latest version jsonwebtoken librari outdat upgrad packag updat sign verifi call auth servic js match new api enhanc javascript api,2
565,vite-plugin-utils,Add watch mode for development,The plugin does not rebuild on file changes. Implement the handleHotUpdate hook in src/plugin.ts to trigger rebuilds.,enhancement,TypeScript,intermediate,devtools,True,2024-12-05,4,Add watch mode for development The plugin does not rebuild on file changes. Implement the handleHotUpdate hook in src/plugin.ts to trigger rebuilds. enhancement TypeScript devtools,add watch mode develop plugin rebuild file chang implement handlehotupd hook src plugin ts trigger rebuild enhanc typescript devtool,2
567,nextjs-blog-starter,Add RSS feed for blog posts,Generate an RSS feed at /feed.xml. Create a pages/api/feed.ts route that maps posts to RSS XML format.,enhancement,JavaScript,intermediate,web,True,2023-07-22,7,Add RSS feed for blog posts Generate an RSS feed at /feed.xml. Create a pages/api/feed.ts route that maps posts to RSS XML format. enhancement JavaScript web,add rss feed blog post gener rss feed feed xml creat page api feed ts rout map post rss xml format enhanc javascript web,2
568,pydantic-settings,Support list type environment variables,The ALLOWED_HOSTS field should be a list. Use the parse_env_var method to split the comma-separated string into a list.,enhancement,Python,beginner,api,True,2023-08-15,2,Support list type environment variables The ALLOWED_HOSTS field should be a list. Use the parse_env_var method to split the comma-separated string into a list. enhancement Python api,support list type environ variabl allow host field list use pars env var method split comma separ string list enhanc python api,1
569,angular-directive-pack,Fix AOT compilation error in library,The library fails AOT compilation due to metadata. Update the ng-package.json to include the correct entry file path.,bug,TypeScript,intermediate,devtools,True,2023-09-08,5,Fix AOT compilation error in library The library fails AOT compilation due to metadata. Update the ng-package.json to include the correct entry file path. bug TypeScript devtools,fix aot compil error librari librari fail aot compil due metadata updat ng packag json includ correct entri file path bug typescript devtool,2
570,flask-rest-service,Add CORS support for frontend domain,The API rejects requests from the frontend. Add flask-cors extension to app.py and configure the origins allowed.,good first issue,Python,beginner,web,True,2023-10-01,3,Add CORS support for frontend domain The API rejects requests from the frontend. Add flask-cors extension to app.py and configure the origins allowed. good first issue Python web,add cor support frontend domain api reject request frontend add flask cor extens app py configur origin allow good first issu python web,1
